Timeamp            ,C10 ,C11 ,C13 ,C14 ,C15 ,C19 ,C17 ,J2 ,J21 ,C12 ,C1 ,C18 ,J26 ,J29 ,J27 ,J28 ,J25 ,J24 ,J23 ,J22 ,J1 ,J20
4/27/2022 19:44:41 ,    ,  3 ,    ,    ,    ,    ,    ,   ,    ,    ,   ,  2 ,    ,  5 ,    ,    ,  4 ,    ,    ,    ,   ,  1
4/28/2022 10:51:30 ,  2 ,    ,    ,    ,    ,  3 ,    ,   ,    ,    , 1 ,    ,    ,    ,  5 ,    ,    ,    ,    ,    , 4 ,   
4/28/2022 15:07:49 ,  4 ,    ,  5 ,    ,    ,    ,    ,   ,    ,    , 2 ,    ,  3 ,    ,    ,    ,    ,  1 ,    ,    ,   ,   
4/30/2022 10:33:50 ,    ,  4 ,    ,    ,    ,    ,    ,   ,  1 ,    , 5 ,    ,    ,    ,  2 ,    ,  3 ,    ,    ,    ,   ,   
4/30/2022 20:59:38 ,    ,    ,    ,    ,    ,    ,    ,   ,    ,  4 ,   ,    ,  5 ,    ,  1 ,    ,    ,  3 ,    ,    ,   ,  2
5/1/2022 14:19:11  ,    ,  1 ,  2 ,    ,    ,    ,    ,   ,    ,    , 3 ,  4 ,    ,    ,    ,    ,    ,    ,    ,  5 ,   ,   
6/16/2022 16:24:27 ,    ,  3 ,    ,  2 ,  5 ,    ,    ,   ,    ,    , 1 ,    ,    ,    ,    ,    ,    ,  4 ,    ,    ,   ,   
5/1/2022 20:48:00  ,  1 ,    ,  4 ,  2 ,    ,    ,    ,   ,    ,    ,   ,  3 ,    ,    ,    ,    ,    ,    ,    ,    , 5 ,   
5/2/2022 10:50:52  ,    ,    ,    ,    ,  4 ,    ,    , 5 ,    ,    ,   ,    ,  2 ,    ,  3 ,    ,    ,  1 ,    ,    ,   ,   
5/2/2022 11:48:53  ,    ,  5 ,  1 ,  3 ,    ,    ,    ,   ,    ,    ,   ,    ,    ,  4 ,    ,    ,    ,  2 ,    ,    ,   ,   
5/2/2022 16:35:16  ,    ,  2 ,    ,    ,  4 ,    ,    , 3 ,    ,    ,   ,    ,    ,    ,  5 ,    ,    ,  1 ,    ,    ,   ,   
5/2/2022 17:42:44  ,    ,    ,    ,  3 ,    ,  2 ,    ,   ,    ,    , 1 ,    ,    ,  5 ,    ,    ,    ,    ,  4 ,    ,   ,   
5/2/2022 20:52:36  ,    ,    ,    ,    ,  5 ,    ,    ,   ,    ,    ,   ,  4 ,  2 ,    ,  1 ,  3 ,    ,    ,    ,    ,   ,   
5/3/2022 17:03:05  ,    ,  3 ,    ,    ,  2 ,    ,    , 5 ,    ,    ,   ,    ,  4 ,    ,    ,    ,    ,  1 ,    ,    ,   ,   
5/3/2022 19:54:11  ,    ,    ,  5 ,    ,    ,    ,    ,   ,    ,    , 1 ,    ,    ,  3 ,    ,  2 ,    ,  4 ,    ,    ,   ,   
6/11/2022 23:20:49 ,    ,  3 ,    ,    ,    ,    ,    ,   ,    ,    , 4 ,    ,    ,  5 ,  1 ,    ,    ,  2 ,    ,    ,   ,   
5/4/2022 20:57:36  ,    ,    ,  2 ,    ,    ,    ,  1 ,   ,    ,    ,   ,  4 ,    ,  5 ,    ,    ,    ,    ,    ,    ,   ,  3
5/5/2022 19:37:44  ,    ,    ,    ,  5 ,    ,    ,    ,   ,    ,    , 1 ,    ,    ,  2 ,    ,    ,    ,  4 ,    ,    , 3 ,   
5/7/2022 17:04:20  ,    ,  4 ,    ,    ,    ,  5 ,    ,   ,    ,    ,   ,    ,    ,  1 ,  2 ,    ,    ,    ,    ,  3 ,   ,   
5/8/2022 13:10:32  ,    ,    ,  5 ,  3 ,    ,    ,    ,   ,    ,    , 4 ,    ,    ,    ,    ,    ,    ,  2 ,  1 ,    ,   ,   
5/28/2022 14:41:57 ,    ,  3 ,  4 ,    ,    ,    ,    ,   ,    ,    ,   ,  2 ,    ,    ,  2 ,    ,    ,    ,    ,  5 , 1 ,   
5/9/2022 4:14:07   ,    ,    ,  1 ,  3 ,    ,  5 ,    ,   ,    ,    , 2 ,    ,    ,  4 ,    ,    ,    ,    ,    ,    ,   ,   
5/9/2022 15:53:57  ,    ,    ,    ,    ,  1 ,    ,    ,   ,    ,    , 3 ,    ,  2 ,    ,  5 ,    ,  4 ,    ,    ,    ,   ,   
5/9/2022 16:22:23  ,    ,  4 ,    ,    ,  1 ,    ,    ,   ,    ,    , 2 ,    ,    ,    ,  5 ,  3 ,    ,    ,    ,    ,   ,   
5/9/2022 16:48:43  ,    ,    ,  4 ,    ,  5 ,    ,    ,   ,    ,    ,   ,    ,  3 ,    ,  2 ,    ,    ,    ,    ,  1 ,   ,   
5/9/2022 17:09:13  ,    ,  3 ,    ,    ,  1 ,    ,    ,   ,    ,    ,   ,    ,    ,    ,    ,    ,    ,  4 ,    ,    , 2 ,  5
5/9/2022 17:42:39  ,    ,  1 ,    ,    ,    ,    ,    ,   ,    ,    , 4 ,    ,    ,  5 ,    ,    ,    ,  2 ,    ,    ,   ,  3
5/9/2022 18:25:06  ,  5 ,    ,  4 ,    ,    ,    ,    ,   ,    ,    ,   ,    ,    ,    ,    ,    ,    ,  2 ,  1 ,    , 3 ,   
5/9/2022 18:28:23  ,    ,  3 ,    ,  2 ,    ,    ,    ,   ,    ,    , 1 ,    ,    ,  5 ,    ,    ,    ,  4 ,    ,    ,   ,   
5/9/2022 18:43:51  ,    ,  5 ,    ,    ,    ,    ,    ,   ,    ,    ,   ,    ,    ,  2 ,    ,    ,    ,  3 ,  1 ,    , 4 ,   
5/9/2022 21:30:15  ,    ,  2 ,  3 ,    ,    ,  4 ,    ,   ,    ,    , 5 ,    ,    ,    ,    ,    ,    ,    ,    ,  1 ,   ,   
5/9/2022 21:43:13  ,    ,  1 ,    ,    ,    ,    ,    ,   ,    ,    ,   ,    ,    ,  4 ,    ,    ,    ,  3 ,  5 ,  2 ,   ,   
5/9/2022 22:18:53  ,  5 ,    ,    ,  4 ,    ,    ,    ,   ,    ,    ,   ,    ,    ,  2 ,  3 ,    ,    ,    ,  1 ,    ,   ,   
5/10/2022 9:38:04  ,    ,  1 ,    ,  4 ,    ,    ,    ,   ,    ,    ,   ,    ,    ,  3 ,    ,    ,    ,    ,    ,  2 , 5 ,   
5/10/2022 13:02:04 ,    ,  3 ,    ,    ,    ,    ,  4 , 5 ,    ,    , 2 ,    ,    ,    ,    ,    ,    ,  1 ,    ,    ,   ,   
5/10/2022 13:35:14 ,    ,    ,    ,    ,  1 ,  5 ,    ,   ,  2 ,    ,   ,    ,  3 ,    ,    ,    ,    ,    ,    ,    , 4 ,   
5/10/2022 17:08:31 ,    ,  3 ,    ,    ,  5 ,    ,    , 4 ,  1 ,    ,   ,    ,    ,    ,    ,    ,    ,  2 ,    ,    ,   ,   
5/10/2022 18:11:48 ,  4 ,    ,    ,    ,    ,  1 ,    ,   ,    ,  3 , 2 ,    ,    ,    ,    ,    ,  5 ,    ,    ,    ,   ,   
5/10/2022 18:55:46 ,    ,    ,    ,    ,    ,    ,    , 3 ,    ,    ,   ,    ,    ,  5 ,    ,    ,    ,  1 ,  2 ,    ,   ,  4
5/10/2022 19:04:26 ,    ,  1 ,    ,    ,    ,    ,    ,   ,    ,    , 5 ,    ,    ,  4 ,    ,    ,    ,  2 ,    ,  3 ,   ,   
5/10/2022 19:40:08 ,  5 ,    ,    ,  4 ,    ,    ,    ,   ,    ,    ,   ,    ,  2 ,    ,    ,    ,    ,    ,  1 ,  3 ,   ,   
5/10/2022 19:43:58 ,    ,    ,    ,    ,    ,    ,    ,   ,  5 ,    , 2 ,    ,    ,  4 ,  1 ,    ,  3 ,    ,    ,    ,   ,   
5/10/2022 20:09:37 ,    ,    ,    ,    ,    ,    ,    ,   ,    ,    ,   ,    ,    ,    ,  3 ,    ,    ,  1 ,  2 ,    ,   ,   
5/10/2022 20:09:46 ,  5 ,  4 ,    ,  3 ,    ,    ,    ,   ,    ,    , 2 ,    ,    ,    ,    ,    ,    ,    ,    ,    ,   ,  1
5/10/2022 21:06:29 ,    ,    ,  3 ,    ,    ,    ,    , 5 ,    ,    ,   ,    ,  1 ,    ,  2 ,    ,    ,  4 ,    ,    ,   ,   
5/10/2022 21:13:13 ,    ,  2 ,    ,    ,    ,  3 ,    ,   ,    ,  5 , 1 ,    ,  4 ,    ,    ,    ,    ,    ,    ,    ,   ,   
5/10/2022 22:05:12 ,    ,  4 ,    ,    ,    ,    ,    , 2 ,  5 ,    ,   ,    ,    ,    ,  3 ,    ,    ,  1 ,    ,    ,   ,   
5/11/2022 16:09:41 ,    ,  1 ,    ,    ,    ,    ,    ,   ,    ,    ,   ,    ,  5 ,    ,  3 ,    ,    ,  2 ,    ,    , 4 ,   
5/11/2022 19:40:20 ,    ,    ,    ,  4 ,    ,    ,    ,   ,  1 ,    , 2 ,    ,    ,    ,    ,    ,    ,  5 ,    ,    ,   ,  3
5/11/2022 20:15:43 ,    ,  3 ,    ,    ,    ,    ,    , 2 ,    ,    ,   ,    ,    ,    ,    ,    ,  5 ,    ,  1 ,  4 ,   ,   
5/11/2022 21:16:11 ,  4 ,    ,    ,    ,    ,    ,    ,   ,    ,    , 2 ,    ,    ,  1 ,    ,    ,    ,  3 ,    ,    ,   ,  5
5/11/2022 21:35:11 ,    ,  4 ,    ,  5 ,    ,    ,    ,   ,    ,    , 3 ,    ,    ,  1 ,    ,    ,    ,    ,    ,    ,   ,  2
5/12/2022 8:53:19  ,    ,    ,    ,  3 ,    ,    ,    ,   ,  4 ,    ,   ,    ,    ,    ,    ,  1 ,    ,  5 ,    ,    ,   ,  2
5/12/2022 9:30:36  ,    ,  5 ,  2 ,    ,    ,    ,    ,   ,    ,    , 1 ,    ,    ,  4 ,    ,    ,  3 ,    ,    ,    ,   ,   
5/12/2022 11:58:02 ,    ,    ,    ,    ,  1 ,    ,  3 ,   ,    ,    ,   ,    ,    ,  4 ,    ,    ,    ,    ,  2 ,  5 ,   ,   
5/12/2022 20:22:59 ,    ,  4 ,    ,  2 ,    ,    ,  5 ,   ,    ,    , 1 ,    ,    ,    ,    ,    ,    ,    ,    ,    , 3 ,   
5/12/2022 21:37:10 ,    ,    ,  3 ,    ,    ,    ,    ,   ,  4 ,    ,   ,    ,  1 ,    ,    ,    ,  2 ,    ,    ,    , 5 ,   
5/12/2022 22:31:43 ,    ,    ,    ,    ,    ,  5 ,    ,   ,    ,    ,   ,    ,    ,  3 ,  4 ,    ,    ,    ,  1 ,    , 2 ,   
5/13/2022 10:58:53 ,    ,    ,    ,    ,    ,  1 ,    ,   ,    ,  4 , 3 ,    ,    ,    ,    ,    ,    ,    ,  2 ,    ,   ,   
5/13/2022 13:00:18 ,    ,    ,    ,    ,  4 ,  3 ,    ,   ,    ,    ,   ,    ,    ,  5 ,  2 ,    ,    ,    ,    ,  1 ,   ,   
5/13/2022 13:18:44 ,    ,  4 ,    ,  2 ,    ,    ,    ,   ,    ,    , 1 ,    ,    ,  3 ,    ,    ,    ,  5 ,    ,    ,   ,   
5/13/2022 17:14:22 ,    ,    ,    ,  3 ,    ,    ,  5 ,   ,    ,    , 1 ,    ,    ,    ,  4 ,    ,    ,    ,  2 ,    ,   ,   
5/14/2022 11:13:59 ,  4 ,    ,    ,  2 ,    ,    ,    ,   ,    ,  1 , 5 ,    ,    ,    ,    ,    ,    ,    ,    ,    , 3 ,   
5/15/2022 12:26:34 ,    ,  1 ,    ,    ,    ,    ,    ,   ,    ,    ,   ,    ,    ,    ,  5 ,    ,    ,  2 ,  3 ,  4 ,   ,   
5/15/2022 12:43:05 ,    ,  4 ,    ,    ,    ,    ,    ,   ,  3 ,    , 1 ,    ,    ,  2 ,    ,    ,  5 ,    ,    ,    ,   ,   
5/15/2022 13:28:23 ,    ,  1 ,    ,    ,    ,    ,    , 3 ,    ,    , 2 ,    ,  5 ,    ,    ,    ,    ,    ,    ,    , 4 ,   
5/15/2022 15:58:23 ,    ,    ,  1 ,    ,    ,    ,    , 4 ,    ,  3 ,   ,    ,  2 ,    ,  5 ,    ,    ,    ,    ,    ,   ,   
5/15/2022 16:29:13 ,  3 ,  4 ,    ,  2 ,    ,    ,    ,   ,    ,    ,   ,    ,    ,    ,  5 ,    ,    ,    ,  1 ,    ,   ,   
5/15/2022 20:05:27 ,    ,  1 ,    ,    ,    ,    ,    , 3 ,    ,  4 , 2 ,    ,  5 ,    ,    ,    ,    ,    ,    ,    ,   ,   
5/15/2022 20:40:25 ,    ,    ,    ,    ,    ,    ,    ,   ,    ,    ,   ,    ,  4 ,    ,  1 ,    ,  5 ,    ,  2 ,    ,   ,  3
5/15/2022 22:22:30 ,    ,    ,    ,  4 ,    ,    ,    ,   ,    ,    , 3 ,    ,    ,  2 ,    ,    ,    ,  5 ,  1 ,    ,   ,   
5/15/2022 22:32:22 ,  5 ,  2 ,    ,    ,    ,    ,    , 3 ,    ,    ,   ,    ,    ,  4 ,    ,    ,    ,    ,  1 ,    ,   ,   
5/16/2022 9:40:00  ,    ,    ,    ,    ,    ,  1 ,    ,   ,    ,  5 , 3 ,    ,    ,    ,  4 ,    ,    ,    ,  2 ,    ,   ,   
5/16/2022 12:39:20 ,    ,    ,    ,    ,  3 ,    ,  5 ,   ,    ,    , 4 ,    ,    ,  2 ,    ,    ,    ,  3 ,    ,    ,   ,  1
5/16/2022 16:27:01 ,    ,  4 ,    ,    ,    ,    ,    ,   ,    ,    , 5 ,    ,    ,    ,  2 ,    ,    ,  1 ,  3 ,    ,   ,   
5/16/2022 16:39:00 ,    ,  2 ,    ,    ,    ,    ,    , 4 ,    ,    ,   ,    ,    ,    ,  5 ,    ,  3 ,    ,    ,  1 ,   ,   
5/16/2022 17:26:30 ,    ,  2 ,    ,    ,    ,    ,  5 ,   ,  4 ,    , 3 ,  1 ,    ,    ,    ,    ,    ,    ,    ,    ,   ,   
5/16/2022 17:29:30 ,    ,  2 ,  1 ,  3 ,    ,  5 ,    ,   ,    ,    ,   ,    ,    ,    ,    ,    ,  4 ,    ,    ,    ,   ,   
5/17/2022 10:32:45 ,    ,  2 ,  4 ,  3 ,    ,    ,    ,   ,    ,    , 1 ,    ,    ,  5 ,    ,    ,    ,    ,    ,    ,   ,   
5/17/2022 12:44:56 ,    ,  4 ,    ,    ,  2 ,    ,    ,   ,    ,    ,   ,    ,  5 ,    ,  3 ,    ,  1 ,    ,    ,    ,   ,   
5/17/2022 14:47:04 ,    ,  5 ,    ,    ,  2 ,    ,    , 4 ,    ,    ,   ,    ,  3 ,    ,    ,    ,    ,  1 ,    ,    ,   ,   
5/17/2022 19:13:45 ,  4 ,    ,  3 ,    ,    ,  5 ,    ,   ,    ,    ,   ,    ,    ,    ,    ,    ,    ,    ,  2 ,  1 ,   ,   
5/18/2022 8:27:43  ,    ,    ,    ,    ,    ,    ,    ,   ,  1 ,    ,   ,    ,    ,    ,  5 ,    ,  4 ,  3 ,    ,    , 2 ,   
5/18/2022 11:31:27 ,    ,    ,    ,    ,    ,    ,    ,   ,    ,    ,   ,  2 ,    ,  4 ,  3 ,    ,  5 ,    ,  1 ,    ,   ,   
5/18/2022 17:29:46 ,    ,    ,  3 ,    ,  2 ,  4 ,    ,   ,    ,    ,   ,    ,    ,  5 ,    ,    ,    ,    ,    ,  1 ,   ,   
5/18/2022 18:03:14 ,    ,    ,    ,    ,    ,    ,    ,   ,    ,  5 , 2 ,    ,    ,  3 ,    ,    ,    ,  1 ,    ,    , 4 ,   
5/19/2022 4:25:17  ,    ,  3 ,    ,    ,    ,    ,    ,   ,    ,    , 1 ,    ,    ,  2 ,    ,    ,    ,    ,    ,  5 ,   ,  4
5/19/2022 19:13:01 ,    ,    ,    ,    ,  2 ,    ,    ,   ,    ,    , 5 ,  3 ,    ,    ,  1 ,    ,    ,  4 ,    ,    ,   ,   
5/20/2022 17:52:35 ,    ,  5 ,  2 ,    ,    ,    ,    ,   ,  3 ,    ,   ,    ,    ,    ,  4 ,    ,  1 ,    ,    ,    ,   ,   
5/20/2022 23:13:23 ,    ,  5 ,    ,    ,    ,  4 ,    ,   ,    ,    , 1 ,    ,  2 ,    ,    ,    ,    ,  3 ,    ,    ,   ,   
5/21/2022 0:38:05  ,    ,    ,    ,    ,    ,    ,    ,   ,    ,    ,   ,    ,    ,    ,    ,  5 ,    ,    ,    ,    ,   ,   
5/22/2022 10:14:47 ,    ,  2 ,    ,  1 ,  3 ,    ,    , 5 ,    ,    ,   ,    ,    ,    ,    ,    ,    ,    ,  4 ,    ,   ,   
5/22/2022 16:40:30 ,    ,  5 ,    ,  3 ,    ,    ,    ,   ,    ,  2 , 1 ,    ,    ,  4 ,    ,    ,    ,    ,    ,    ,   ,   
5/22/2022 17:25:02 ,    ,  5 ,    ,    ,  4 ,    ,    , 1 ,    ,    ,   ,    ,    ,    ,  2 ,    ,    ,  3 ,    ,    ,   ,   
5/23/2022 19:08:06 ,    ,    ,    ,  4 ,    ,    ,    , 5 ,    ,    , 3 ,    ,    ,  1 ,    ,    ,    ,    ,    ,    ,   ,  2
5/23/2022 22:39:04 ,    ,  2 ,    ,    ,    ,    ,    , 1 ,    ,    , 5 ,    ,  4 ,    ,    ,    ,    ,  3 ,    ,    ,   ,   
5/24/2022 11:04:18 ,    ,  3 ,    ,  2 ,    ,    ,    ,   ,  4 ,    , 1 ,    ,    ,  5 ,    ,    ,    ,    ,    ,    ,   ,   
5/24/2022 18:10:10 ,  5 ,  3 ,  1 ,    ,    ,    ,    ,   ,    ,    ,   ,    ,    ,    ,    ,    ,    ,  2 ,    ,    , 4 ,   
5/25/2022 13:21:21 ,    ,  1 ,    ,    ,    ,    ,    ,   ,  5 ,    ,   ,    ,    ,    ,  2 ,    ,  3 ,  4 ,    ,    ,   ,   
5/25/2022 16:47:24 ,    ,    ,    ,    ,    ,    ,    , 5 ,  4 ,    ,   ,  2 ,  3 ,    ,    ,    ,    ,  1 ,    ,    ,   ,   
5/26/2022 8:02:18  ,    ,  2 ,    ,    ,    ,    ,    ,   ,    ,  3 ,   ,    ,  1 ,  5 ,    ,    ,    ,    ,    ,  4 ,   ,   
5/26/2022 12:06:56 ,  2 ,    ,    ,  1 ,    ,    ,    ,   ,    ,    , 4 ,    ,    ,    ,    ,    ,    ,    ,  5 ,    , 3 ,   
5/26/2022 16:57:47 ,    ,  1 ,    ,    ,    ,    ,    ,   ,    ,    , 5 ,    ,    ,    ,  3 ,    ,  2 ,    ,    ,  4 ,   ,   
5/26/2022 20:43:31 ,    ,    ,    ,  2 ,    ,    ,    ,   ,    ,  5 ,   ,    ,    ,  3 ,    ,    ,    ,    ,  1 ,    , 4 ,   
5/27/2022 10:03:03 ,    ,  4 ,    ,    ,    ,    ,    ,   ,    ,  1 ,   ,    ,    ,    ,  5 ,    ,    ,  2 ,    ,  3 ,   ,   
5/27/2022 14:16:14 ,    ,    ,    ,  4 ,    ,    ,    ,   ,    ,  3 , 1 ,    ,    ,  2 ,    ,    ,    ,  5 ,    ,    ,   ,   
5/27/2022 23:00:04 ,    ,    ,    ,    ,  2 ,    ,    ,   ,    ,    , 1 ,    ,  3 ,    ,    ,    ,    ,  5 ,    ,    ,   ,  4
5/28/2022 18:50:28 ,    ,    ,    ,    ,    ,    ,    , 4 ,    ,    ,   ,    ,    ,    ,  5 ,    ,    ,  2 ,  1 ,  3 ,   ,   
5/28/2022 19:16:20 ,    ,  5 ,    ,    ,    ,    ,    , 2 ,    ,  4 ,   ,    ,    ,    ,    ,    ,    ,  1 ,    ,  3 ,   ,   
5/30/2022 14:30:18 ,    ,  2 ,    ,    ,  4 ,    ,    ,   ,  5 ,    ,   ,  3 ,    ,    ,    ,    ,    ,    ,    ,    ,   ,  1
5/30/2022 20:13:32 ,    ,  2 ,  4 ,    ,    ,  5 ,    ,   ,    ,    , 1 ,    ,    ,  3 ,    ,    ,    ,    ,    ,    ,   ,   
5/31/2022 8:24:00  ,    ,  5 ,    ,    ,  4 ,    ,    ,   ,    ,    ,   ,  1 ,    ,  3 ,    ,    ,    ,  2 ,    ,    ,   ,   
5/31/2022 19:26:56 ,    ,    ,    ,  2 ,    ,    ,    ,   ,    ,  5 ,   ,    ,  4 ,    ,    ,    ,    ,    ,  1 ,    ,   ,  3
5/31/2022 21:13:10 ,    ,    ,    ,    ,  1 ,    ,    ,   ,    ,    ,   ,  3 ,  5 ,    ,    ,    ,  2 ,    ,    ,    ,   ,  4
6/2/2022 15:07:44  ,    ,    ,    ,    ,  4 ,    ,    ,   ,    ,    , 2 ,    ,  1 ,    ,  3 ,  5 ,    ,    ,    ,    ,   ,   
6/2/2022 15:39:34  ,    ,  5 ,  1 ,    ,    ,  4 ,    ,   ,    ,    ,   ,    ,    ,    ,  2 ,    ,  3 ,    ,    ,    ,   ,   
6/2/2022 15:42:37  ,    ,    ,    ,    ,    ,  3 ,    ,   ,    ,  5 ,   ,    ,    ,  2 ,    ,    ,    ,    ,  4 ,  1 ,   ,   
6/2/2022 22:48:09  ,    ,    ,    ,    ,  2 ,    ,    ,   ,    ,    ,   ,    ,  5 ,    ,    ,    ,    ,  3 ,  4 ,    , 1 ,   
6/3/2022 10:45:02  ,    ,  4 ,    ,    ,    ,    ,    ,   ,    ,    ,   ,  5 ,    ,    ,  1 ,    ,  2 ,    ,    ,  3 ,   ,   
6/3/2022 18:00:59  ,    ,  5 ,    ,    ,    ,    ,  3 ,   ,    ,    ,   ,    ,    ,  4 ,    ,    ,    ,  2 ,    ,    , 1 ,   
6/4/2022 15:09:54  ,    ,    ,    ,    ,    ,    ,    , 5 ,    ,    ,   ,    ,  1 ,    ,    ,    ,    ,  2 ,  3 ,    , 4 ,   
6/5/2022 18:13:56  ,    ,  1 ,    ,    ,    ,    ,    ,   ,    ,    , 3 ,  2 ,    ,  5 ,    ,    ,    ,    ,    ,    , 4 ,   
6/6/2022 9:36:04   ,    ,    ,    ,  5 ,    ,    ,  2 ,   ,    ,    ,   ,  4 ,    ,  1 ,    ,    ,    ,  3 ,    ,    ,   ,   
6/7/2022 9:44:25   ,  2 ,    ,    ,  1 ,    ,    ,    ,   ,    ,    ,   ,    ,    ,    ,    ,    ,    ,  3 ,    ,    ,   ,   
6/7/2022 22:52:32  ,    ,  4 ,    ,    ,    ,    ,    ,   ,    ,    , 3 ,    ,    ,    ,    ,    ,    ,  1 ,  2 ,    ,   ,  5
6/8/2022 8:21:55   ,    ,    ,    ,    ,  3 ,    ,    , 1 ,  2 ,    , 5 ,    ,    ,    ,    ,    ,    ,    ,    ,    ,   ,   
6/8/2022 12:29:26  ,    ,    ,    ,    ,    ,  5 ,    ,   ,    ,    , 1 ,    ,    ,  4 ,    ,    ,    ,  2 ,    ,    ,   ,  3
6/8/2022 21:42:57  ,    ,    ,    ,  5 ,    ,    ,    ,   ,    ,    , 2 ,    ,    ,  4 ,    ,    ,    ,    ,  1 ,    ,   ,  3
6/9/2022 20:35:23  ,    ,    ,    ,    ,  2 ,    ,    ,   ,  4 ,    ,   ,    ,    ,    ,  5 ,    ,  3 ,    ,  1 ,    ,   ,   
6/10/2022 2:22:26  ,  3 ,  1 ,    ,    ,  2 ,    ,  4 ,   ,    ,    ,   ,    ,    ,    ,    ,    ,    ,    ,    ,    ,   ,  5
6/10/2022 13:32:03 ,    ,  1 ,  5 ,    ,    ,  2 ,    ,   ,    ,    ,   ,    ,    ,    ,    ,    ,    ,  3 ,  4 ,    ,   ,   
6/10/2022 18:06:24 ,  3 ,    ,    ,  4 ,    ,    ,    ,   ,    ,    ,   ,    ,    ,    ,  5 ,    ,    ,  1 ,    ,    , 2 ,   
6/10/2022 21:38:55 ,  5 ,    ,    ,  3 ,    ,    ,    ,   ,    ,    ,   ,    ,    ,    ,    ,    ,    ,    ,  2 ,  4 ,   ,  1
6/11/2022 9:49:13  ,    ,  2 ,    ,    ,  4 ,    ,    ,   ,    ,    , 5 ,    ,  3 ,    ,    ,    ,    ,  1 ,    ,    ,   ,   
6/11/2022 10:51:14 ,    ,    ,  3 ,    ,    ,    ,  1 ,   ,    ,    ,   ,    ,    ,    ,    ,  5 ,  2 ,  4 ,    ,    ,   ,   
6/11/2022 12:06:17 ,    ,    ,    ,  2 ,    ,    ,    ,   ,    ,    ,   ,    ,    ,    ,    ,    ,  4 ,  5 ,  1 ,    , 3 ,   
6/11/2022 13:21:07 ,    ,  1 ,    ,  3 ,    ,    ,    ,   ,    ,    , 5 ,    ,    ,    ,    ,    ,    ,    ,  4 ,    ,   ,  2
6/11/2022 14:01:05 ,    ,    ,    ,  2 ,  5 ,    ,    ,   ,    ,    , 1 ,    ,    ,    ,    ,    ,    ,    ,    ,    , 4 ,  3
6/12/2022 18:00:37 ,    ,  2 ,  5 ,    ,    ,    ,    ,   ,    ,    , 1 ,    ,    ,    ,    ,    ,  3 ,    ,    ,    ,   ,  4
6/12/2022 18:52:46 ,    ,    ,    ,    ,    ,    ,    , 2 ,  3 ,    , 1 ,  5 ,    ,    ,    ,  4 ,    ,    ,    ,    ,   ,   
6/12/2022 22:26:06 ,    ,    ,    ,    ,    ,    ,    ,   ,    ,    , 2 ,    ,    ,    ,  4 ,    ,    ,  3 ,  1 ,    ,   ,  5
6/13/2022 19:41:29 ,    ,    ,    ,    ,    ,    ,  2 ,   ,  1 ,    , 4 ,    ,    ,    ,    ,    ,    ,  5 ,    ,    , 3 ,   
6/13/2022 20:22:19 ,  4 ,    ,    ,    ,    ,  2 ,    ,   ,    ,    , 5 ,    ,    ,    ,    ,    ,    ,  1 ,    ,  3 ,   ,   
6/15/2022 17:55:36 ,  5 ,  3 ,    ,    ,    ,    ,    ,   ,    ,    , 1 ,    ,    ,    ,  4 ,    ,    ,    ,    ,    , 2 ,   
6/13/2022 23:45:02 ,    ,  2 ,  5 ,  4 ,    ,    ,    ,   ,    ,    ,   ,    ,    ,    ,    ,    ,    ,  1 ,    ,    ,   ,  3
6/14/2022 11:52:21 ,    ,  2 ,    ,    ,    ,    ,    ,   ,    ,    , 1 ,    ,    ,    ,    ,    ,    ,  3 ,    ,    , 5 ,  4
6/14/2022 15:46:21 ,    ,    ,    ,    ,    ,    ,    ,   ,    ,    ,   ,    ,    ,    ,  4 ,    ,    ,  2 ,  1 ,  5 ,   ,  3
6/14/2022 16:20:05 ,    ,  5 ,    ,    ,    ,    ,    , 1 ,    ,    , 4 ,    ,    ,    ,    ,    ,    ,  2 ,  3 ,    ,   ,   
6/14/2022 17:10:39 ,    ,  5 ,    ,    ,    ,    ,    ,   ,    ,    , 4 ,    ,  2 ,    ,  3 ,    ,    ,  1 ,    ,    ,   ,   
6/14/2022 17:48:50 ,  3 ,    ,    ,  4 ,    ,    ,  5 ,   ,    ,    ,   ,    ,    ,    ,    ,    ,    ,  1 ,    ,    ,   ,  2
6/14/2022 20:22:10 ,  3 ,    ,    ,  2 ,    ,    ,    ,   ,    ,    , 1 ,    ,    ,    ,    ,    ,    ,    ,  4 ,    , 5 ,   
6/27/2022 16:07:09 ,    ,    ,    ,    ,  5 ,    ,  2 ,   ,    ,    ,   ,    ,    ,    ,    ,  3 ,    ,    ,  1 ,    , 4 ,   
6/15/2022 17:23:08 ,    ,  4 ,    ,    ,  1 ,    ,    ,   ,    ,    ,   ,    ,    ,    ,  5 ,    ,    ,    ,  3 ,  2 ,   ,   
6/15/2022 20:35:23 ,  4 ,  2 ,    ,    ,    ,    ,    ,   ,    ,    , 1 ,    ,    ,    ,    ,    ,    ,  3 ,    ,    , 5 ,   
6/16/2022 1:37:25  ,    ,  1 ,    ,    ,    ,    ,    ,   ,  2 ,    , 4 ,    ,    ,    ,    ,    ,  3 ,  5 ,    ,    ,   ,   
6/16/2022 15:06:01 ,    ,    ,    ,    ,  5 ,    ,    , 2 ,    ,    ,   ,    ,    ,    ,    ,    ,    ,  4 ,  3 ,    ,   ,  1
TRANSFER           ,    ,    ,    ,  3 ,    ,  1 ,    ,   ,  4 ,    ,   ,    ,    ,    ,    ,    ,    ,  5 ,  2 ,    ,   ,   
6/16/2022 16:06:33 ,    ,  2 ,    ,    ,    ,  4 ,    ,   ,    ,    ,   ,    ,    ,    ,    ,    ,    ,    ,  1 ,    , 3 ,  5
6/28/2022 19:49:39 ,    ,    ,    ,    ,  4 ,    ,    ,   ,  2 ,    , 5 ,    ,  3 ,    ,  3 ,    ,    ,    ,  1 ,    ,   ,   
6/17/2022 22:04:33 ,  4 ,    ,    ,    ,    ,  5 ,    ,   ,    ,    ,   ,  2 ,    ,    ,  3 ,    ,    ,    ,  1 ,    ,   ,   
6/19/2022 12:41:22 ,    ,  2 ,    ,  1 ,    ,    ,    ,   ,    ,    ,   ,    ,    ,    ,    ,    ,    ,  4 ,  3 ,    , 5 ,   
6/19/2022 15:01:52 ,    ,  5 ,    ,  3 ,    ,    ,    ,   ,    ,    , 1 ,    ,    ,    ,    ,    ,    ,    ,  2 ,    , 4 ,   
6/19/2022 20:57:53 ,    ,  1 ,  4 ,  3 ,    ,    ,    ,   ,    ,    ,   ,    ,    ,    ,  2 ,    ,    ,    ,    ,    , 5 ,   
6/20/2022 11:22:34 ,    ,    ,    ,    ,    ,  2 ,    ,   ,    ,    , 3 ,    ,    ,    ,    ,    ,    ,    ,    ,  1 ,   ,   
6/20/2022 13:58:37 ,    ,  5 ,    ,    ,    ,    ,    ,   ,  3 ,    ,   ,    ,    ,    ,    ,  4 ,    ,  1 ,    ,    , 2 ,   
6/20/2022 20:19:46 ,    ,  5 ,    ,  1 ,    ,    ,    ,   ,  3 ,    , 2 ,  4 ,    ,    ,    ,    ,    ,    ,    ,    ,   ,   
6/21/2022 15:05:35 ,  5 ,  3 ,    ,  2 ,    ,    ,    ,   ,    ,    ,   ,    ,    ,    ,    ,    ,    ,    ,  4 ,    , 1 ,   
6/21/2022 18:05:13 ,  5 ,  3 ,    ,    ,  4 ,    ,    ,   ,    ,    ,   ,    ,    ,    ,    ,    ,    ,    ,  1 ,    ,   ,  2
6/22/2022 4:46:49  ,    ,  4 ,    ,    ,    ,    ,    ,   ,    ,    , 1 ,    ,    ,    ,    ,    ,    ,  2 ,    ,  5 , 3 ,   
6/23/2022 1:26:47  ,  4 ,    ,    ,    ,    ,    ,  3 ,   ,  2 ,    ,   ,    ,    ,    ,    ,    ,  5 ,    ,    ,    ,   ,  1
6/23/2022 15:43:01 ,    ,  2 ,  3 ,    ,  4 ,    ,    ,   ,    ,    , 1 ,    ,    ,    ,  5 ,    ,    ,    ,    ,    ,   ,   
6/23/2022 16:58:17 ,    ,    ,    ,  3 ,    ,    ,    ,   ,    ,    ,   ,    ,    ,    ,  1 ,    ,    ,  2 ,  4 ,    , 5 ,   
6/24/2022 9:48:50  ,  3 ,    ,    ,  5 ,    ,    ,    ,   ,    ,    ,   ,    ,  4 ,    ,    ,    ,    ,  2 ,  1 ,    ,   ,   
6/29/2022 21:09:42 ,    ,  3 ,    ,  4 ,    ,    ,    ,   ,    ,    , 2 ,  1 ,    ,    ,    ,    ,    ,  5 ,    ,    ,   ,   
6/25/2022 9:27:08  ,    ,    ,    ,  5 ,    ,    ,    ,   ,    ,    ,   ,    ,    ,    ,    ,    ,    ,  1 ,  4 ,    , 3 ,  2
6/25/2022 9:27:08  ,  5 ,    ,    ,  1 ,    ,  2 ,    ,   ,    ,    , 3 ,    ,    ,    ,  4 ,    ,    ,    ,    ,    ,   ,   
6/25/2022 17:12:40 ,    ,  4 ,  3 ,    ,  5 ,    ,    , 1 ,    ,    ,   ,    ,    ,    ,    ,    ,    ,  2 ,    ,    ,   ,   
6/26/2022 10:51:55 ,  3 ,  4 ,  5 ,    ,    ,    ,    ,   ,    ,    ,   ,    ,    ,    ,    ,    ,    ,    ,  2 ,  1 ,   ,   
6/26/2022 20:56:26 ,    ,  2 ,  3 ,    ,  1 ,    ,    ,   ,    ,    ,   ,    ,    ,    ,  4 ,    ,    ,    ,    ,    ,   ,  5
6/26/2022 23:53:14 ,    ,    ,  4 ,  3 ,    ,  1 ,    ,   ,    ,    ,   ,  5 ,    ,    ,  2 ,    ,    ,    ,    ,    ,   ,   
6/27/2022 10:23:18 ,  3 ,  5 ,    ,  1 ,    ,    ,    , 4 ,    ,    ,   ,    ,  2 ,    ,    ,    ,    ,    ,    ,    ,   ,   
6/27/2022 15:20:11 ,    ,  3 ,    ,  2 ,    ,    ,    ,   ,    ,    ,   ,    ,    ,    ,    ,    ,    ,    ,  1 ,    ,   ,   
6/27/2022 16:04:38 ,    ,  3 ,    ,    ,    ,    ,    ,   ,  2 ,    , 4 ,  5 ,    ,    ,  1 ,    ,    ,    ,    ,    ,   ,   
6/27/2022 16:07:52 ,    ,  2 ,    ,    ,    ,    ,    ,   ,  5 ,    , 3 ,    ,  1 ,    ,    ,    ,    ,    ,  4 ,    ,   ,   
6/27/2022 16:52:42 ,  4 ,    ,    ,  5 ,    ,    ,    ,   ,    ,    , 2 ,    ,    ,    ,    ,    ,    ,  1 ,  3 ,    ,   ,   
6/27/2022 17:13:40 ,    ,  3 ,    ,    ,    ,    ,    ,   ,    ,    ,   ,    ,    ,    ,  5 ,    ,    ,    ,  1 ,  4 , 2 ,   
6/27/2022 18:59:09 ,    ,  1 ,    ,    ,  3 ,    ,  4 ,   ,    ,    , 2 ,    ,    ,    ,  5 ,    ,    ,    ,    ,    ,   ,   
6/28/2022 6:39:46  ,    ,    ,    ,  2 ,  3 ,    ,    ,   ,    ,    , 1 ,    ,  5 ,    ,    ,    ,    ,    ,    ,    ,   ,  4
6/28/2022 12:18:08 ,    ,  2 ,    ,    ,    ,    ,    ,   ,    ,    ,   ,  3 ,    ,    ,  5 ,  1 ,  4 ,    ,    ,    ,   ,   
6/28/2022 12:33:33 ,    ,    ,    ,  3 ,    ,    ,    ,   ,    ,    , 1 ,    ,    ,    ,    ,  2 ,    ,    ,  4 ,    , 5 ,   
6/28/2022 15:09:53 ,    ,  4 ,    ,  3 ,    ,  5 ,    ,   ,    ,    , 1 ,    ,    ,    ,    ,    ,    ,    ,    ,    , 2 ,   
6/28/2022 15:14:11 ,    ,  4 ,    ,    ,    ,    ,  2 ,   ,    ,    ,   ,    ,  5 ,    ,    ,    ,    ,  3 ,    ,    , 1 ,   
6/30/2022 18:59:01 ,    ,  2 ,    ,    ,    ,  2 ,  5 ,   ,    ,    ,   ,    ,    ,    ,    ,    ,  3 ,    ,    ,    , 4 ,  1
6/28/2022 18:39:55 ,    ,    ,  2 ,  4 ,  5 ,    ,    ,   ,    ,    , 1 ,    ,    ,    ,  3 ,    ,    ,    ,    ,    ,   ,   
6/28/2022 21:55:32 ,    ,  3 ,    ,    ,    ,    ,    ,   ,    ,    , 5 ,    ,  1 ,    ,  4 ,    ,    ,  2 ,    ,    ,   ,   
6/29/2022 2:07:40  ,  4 ,    ,    ,  1 ,    ,    ,    , 5 ,    ,    ,   ,    ,    ,    ,  3 ,    ,    ,    ,    ,    , 2 ,   
6/29/2022 7:16:20  ,    ,    ,  3 ,    ,  4 ,  1 ,    ,   ,    ,    ,   ,    ,    ,    ,    ,    ,    ,  5 ,    ,  2 ,   ,   
6/29/2022 7:29:35  ,  3 ,    ,    ,  2 ,    ,    ,    ,   ,    ,    ,   ,    ,    ,    ,    ,    ,    ,    ,  1 ,    , 5 ,  4
6/29/2022 8:38:23  ,    ,  2 ,    ,    ,    ,    ,  5 ,   ,    ,    , 1 ,    ,    ,    ,    ,    ,    ,  4 ,    ,    ,   ,  3
6/29/2022 11:42:08 ,    ,  3 ,    ,    ,  2 ,    ,    ,   ,    ,    ,   ,    ,    ,    ,  4 ,    ,    ,    ,  5 ,  1 ,   ,   
6/29/2022 15:05:06 ,    ,  3 ,    ,    ,  5 ,    ,    , 4 ,    ,    , 1 ,    ,    ,    ,  2 ,    ,    ,    ,    ,    ,   ,   
6/29/2022 15:21:33 ,    ,    ,  3 ,  1 ,    ,    ,    ,   ,    ,    , 2 ,    ,    ,    ,  5 ,    ,    ,    ,  4 ,    ,   ,   
6/29/2022 15:42:01 ,    ,    ,    ,    ,  1 ,    ,    , 5 ,    ,    ,   ,  4 ,    ,    ,  2 ,    ,  3 ,    ,    ,    ,   ,   
6/29/2022 15:52:24 ,  4 ,    ,    ,    ,    ,    ,    , 1 ,    ,    , 5 ,    ,    ,    ,    ,    ,    ,  2 ,    ,    ,   ,  3
6/29/2022 16:41:59 ,  3 ,    ,    ,  2 ,    ,    ,    ,   ,    ,    , 4 ,    ,    ,    ,    ,    ,    ,    ,  1 ,    , 5 ,   
6/29/2022 17:11:27 ,    ,  3 ,    ,    ,    ,    ,    ,   ,    ,    , 1 ,    ,    ,    ,  4 ,    ,    ,    ,  2 ,    , 5 ,   
6/29/2022 18:47:19 ,    ,    ,  3 ,    ,    ,  4 ,    ,   ,    ,    ,   ,    ,    ,    ,  5 ,  2 ,    ,    ,  1 ,    ,   ,   
6/30/2022 11:05:23 ,    ,    ,  4 ,    ,  3 ,    ,    ,   ,    ,    ,   ,    ,  5 ,    ,    ,    ,    ,  1 ,    ,  2 ,   ,   
6/29/2022 19:13:09 ,    ,    ,    ,    ,  3 ,    ,    ,   ,  4 ,    ,   ,  2 ,    ,    ,    ,  5 ,    ,  1 ,    ,    ,   ,   
6/29/2022 19:36:29 ,    ,  1 ,    ,    ,  3 ,    ,  4 ,   ,    ,    ,   ,    ,    ,    ,    ,    ,    ,    ,    ,    , 2 ,  5
6/29/2022 19:36:45 ,  1 ,  3 ,  2 ,  5 ,    ,    ,    ,   ,    ,    ,   ,    ,    ,    ,    ,    ,    ,    ,    ,    , 4 ,   
6/29/2022 19:46:45 ,    ,  4 ,    ,  3 ,    ,    ,    ,   ,    ,    ,   ,  1 ,    ,    ,  5 ,    ,  2 ,    ,    ,    ,   ,   
6/29/2022 21:21:57 ,    ,  3 ,  5 ,    ,    ,    ,    , 2 ,    ,    , 4 ,    ,    ,    ,    ,    ,    ,    ,  1 ,    ,   ,   
6/29/2022 22:33:47 ,  5 ,    ,    ,  3 ,    ,    ,    ,   ,    ,    ,   ,    ,    ,    ,    ,    ,    ,  2 ,  1 ,    ,   ,  4
6/29/2022 23:57:57 ,    ,  1 ,    ,    ,    ,    ,    ,   ,    ,    ,   ,  4 ,    ,    ,    ,    ,  3 ,  5 ,    ,  2 ,   ,   
6/30/2022 0:12:46  ,  3 ,    ,    ,    ,    ,    ,  2 ,   ,    ,    , 4 ,    ,    ,    ,    ,    ,    ,    ,  5 ,    ,   ,  1
6/30/2022 10:34:05 ,    ,  5 ,  4 ,    ,  3 ,    ,    ,   ,    ,    ,   ,    ,    ,    ,  2 ,    ,    ,  1 ,    ,    ,   ,   
6/30/2022 10:54:16 ,    ,    ,  5 ,    ,    ,    ,    ,   ,    ,    ,   ,    ,    ,    ,    ,  1 ,    ,  3 ,  4 ,    , 2 ,   
6/30/2022 11:44:25 ,  2 ,  3 ,  5 ,    ,    ,  1 ,  4 ,   ,    ,    ,   ,    ,    ,    ,    ,    ,    ,    ,    ,    ,   ,   
6/30/2022 11:57:06 ,    ,    ,    ,    ,  1 ,    ,    ,   ,    ,    ,   ,    ,    ,    ,  2 ,    ,    ,    ,    ,  3 ,   ,   
6/30/2022 13:26:55 ,    ,  1 ,    ,  5 ,    ,    ,  2 ,   ,    ,    , 4 ,    ,    ,    ,    ,    ,    ,  3 ,    ,    ,   ,   
6/30/2022 13:58:30 ,    ,  5 ,    ,  3 ,    ,    ,    ,   ,    ,    ,   ,  2 ,    ,    ,    ,  4 ,    ,  1 ,    ,    ,   ,   
6/30/2022 16:50:07 ,  3 ,    ,    ,  2 ,    ,    ,    ,   ,    ,    ,   ,    ,    ,    ,    ,    ,    ,  5 ,  1 ,    ,   ,  4
6/30/2022 16:50:07 ,    ,  1 ,    ,    ,    ,  3 ,    ,   ,    ,    ,   ,    ,    ,    ,    ,    ,  4 ,  5 ,  2 ,    ,   ,   
6/30/2022 16:52:42 ,    ,  4 ,    ,  5 ,    ,  2 ,    ,   ,    ,    ,   ,    ,    ,    ,    ,    ,    ,    ,    ,    , 3 ,  1
6/30/2022 16:59:35 ,    ,    ,    ,  2 ,    ,    ,    ,   ,    ,    , 1 ,    ,    ,    ,    ,    ,  5 ,  4 ,    ,    , 3 ,   
6/30/2022 19:54:08 ,    ,  4 ,    ,    ,    ,    ,  5 ,   ,    ,    ,   ,    ,    ,    ,    ,    ,  3 ,  2 ,  1 ,    ,   ,   
6/30/2022 21:31:06 ,    ,  2 ,    ,    ,    ,    ,    ,   ,  1 ,    ,   ,    ,    ,    ,    ,    ,  4 ,    ,    ,    , 5 ,  3
6/30/2022 21:51:22 ,  4 ,  1 ,  5 ,  3 ,    ,    ,    ,   ,    ,    , 2 ,    ,    ,    ,    ,    ,    ,    ,    ,    ,   ,   
6/30/2022 22:06:21 ,    ,  2 ,  3 ,    ,    ,    ,    ,   ,    ,    , 4 ,    ,    ,    ,  5 ,    ,  1 ,    ,    ,    ,   ,   
6/30/2022 23:41:09 ,  1 ,    ,  3 ,  4 ,    ,  5 ,    ,   ,    ,    ,   ,    ,    ,    ,    ,    ,    ,    ,    ,    , 2 ,   
7/1/2022 11:05:25  ,  4 ,  1 ,  2 ,    ,    ,    ,    , 5 ,    ,    ,   ,    ,    ,    ,    ,    ,    ,  3 ,    ,    ,   ,   
7/1/2022 11:23:25  ,    ,    ,    ,    ,  5 ,    ,    ,   ,    ,    , 1 ,    ,    ,    ,    ,    ,    ,  3 ,    ,  4 ,   ,  2
7/3/2022 14:58:49  ,    ,    ,    ,    ,    ,    ,    ,   ,    ,    , 5 ,    ,    ,    ,    ,    ,  4 ,  2 ,  1 ,    ,   ,  3
8/11/2022 11:48:48 ,    ,    ,    ,    ,    ,    ,    , 5 ,    ,    ,   ,    ,    ,    ,  3 ,    ,    ,    ,  2 ,  4 ,   ,  1
7/4/2022 12:40:58  ,    ,  4 ,    ,    ,  3 ,    ,    ,   ,    ,    , 2 ,    ,  1 ,    ,    ,    ,    ,  5 ,    ,    ,   ,   
7/6/2022 8:54:06   ,  2 ,    ,    ,    ,  4 ,  3 ,    ,   ,    ,    ,   ,    ,    ,    ,    ,    ,    ,  5 ,    ,    , 1 ,   
7/6/2022 9:02:28   ,    ,    ,    ,  2 ,    ,    ,    ,   ,  5 ,    ,   ,    ,    ,    ,  4 ,  3 ,    ,    ,  1 ,    ,   ,   
7/6/2022 12:33:28  ,    ,    ,    ,    ,  2 ,    ,    , 3 ,    ,    , 1 ,    ,  5 ,    ,    ,    ,    ,    ,    ,    , 4 ,   
7/6/2022 18:11:19  ,    ,    ,    ,    ,    ,  2 ,    ,   ,    ,    , 3 ,    ,    ,    ,  4 ,    ,    ,  5 ,    ,  1 ,   ,   
7/7/2022 12:12:01  ,    ,  1 ,    ,    ,    ,    ,    ,   ,    ,    ,   ,  2 ,    ,    ,    ,  5 ,    ,  3 ,    ,    ,   ,   
7/7/2022 19:48:25  ,    ,  4 ,  2 ,    ,  5 ,    ,    , 3 ,    ,    ,   ,    ,    ,    ,    ,    ,    ,    ,    ,    ,   ,  1
7/7/2022 23:31:21  ,    ,    ,    ,    ,  2 ,    ,    ,   ,    ,    ,   ,  4 ,  3 ,    ,  1 ,    ,    ,  5 ,    ,    ,   ,   
7/8/2022 12:27:35  ,    ,  1 ,    ,    ,    ,    ,    ,   ,    ,    , 3 ,    ,  5 ,    ,    ,    ,    ,    ,    ,  2 , 4 ,   
7/8/2022 12:47:31  ,  2 ,    ,    ,    ,  5 ,  4 ,    ,   ,    ,    , 1 ,    ,    ,    ,    ,    ,    ,    ,    ,  3 ,   ,   
7/8/2022 13:26:33  ,    ,    ,    ,    ,    ,    ,    , 3 ,    ,    , 2 ,    ,  5 ,    ,  1 ,    ,    ,    ,    ,    ,   ,  4
7/8/2022 15:58:17  ,    ,  2 ,    ,    ,    ,    ,    ,   ,  3 ,    , 1 ,    ,    ,    ,    ,    ,    ,  5 ,    ,    ,   ,  4
7/9/2022 17:18:01  ,  2 ,  5 ,    ,  1 ,    ,    ,    ,   ,    ,    ,   ,    ,    ,    ,    ,    ,    ,    ,    ,    , 3 ,  4
7/10/2022 16:56:41 ,    ,  2 ,    ,    ,    ,    ,    ,   ,  4 ,    ,   ,    ,    ,    ,  3 ,    ,  5 ,  1 ,    ,    ,   ,   
7/11/2022 10:04:36 ,    ,  1 ,    ,    ,  4 ,    ,    , 3 ,    ,    , 2 ,    ,    ,    ,    ,    ,    ,    ,    ,  5 ,   ,   
7/11/2022 10:14:04 ,    ,  1 ,    ,    ,    ,    ,  5 ,   ,    ,    ,   ,    ,    ,    ,    ,    ,    ,  4 ,    ,    , 2 ,  3
7/11/2022 12:53:12 ,  5 ,  3 ,    ,  2 ,    ,  4 ,    ,   ,    ,    , 1 ,    ,    ,    ,    ,    ,    ,    ,    ,    ,   ,   
7/11/2022 13:05:33 ,    ,    ,    ,    ,  3 ,    ,    ,   ,    ,    , 4 ,    ,    ,    ,    ,    ,    ,  1 ,    ,    ,   ,  5
7/11/2022 15:42:33 ,    ,    ,    ,  5 ,    ,    ,    ,   ,    ,    , 2 ,  1 ,    ,    ,    ,    ,    ,  3 ,    ,    ,   ,  4
7/11/2022 19:53:22 ,    ,    ,    ,    ,  3 ,    ,    , 4 ,    ,    , 2 ,    ,    ,    ,    ,  5 ,    ,  1 ,    ,    ,   ,   
7/12/2022 10:25:31 ,    ,  3 ,    ,  4 ,    ,    ,    ,   ,    ,    , 2 ,    ,    ,    ,    ,  5 ,  1 ,    ,    ,    ,   ,   
7/12/2022 11:24:12 ,  3 ,    ,    ,  2 ,    ,  5 ,    ,   ,    ,    ,   ,    ,    ,    ,    ,    ,    ,  4 ,    ,    ,   ,  1
7/12/2022 13:01:27 ,    ,  3 ,    ,    ,    ,    ,    ,   ,    ,    , 2 ,    ,  5 ,    ,    ,    ,  1 ,    ,    ,  4 ,   ,   
7/13/2022 12:02:42 ,  4 ,  1 ,    ,  5 ,    ,    ,    ,   ,    ,    ,   ,    ,    ,    ,    ,    ,    ,    ,    ,    , 2 ,  3
7/13/2022 12:13:09 ,  4 ,  3 ,  5 ,  1 ,    ,    ,    ,   ,    ,    ,   ,    ,    ,    ,    ,    ,    ,  2 ,    ,    ,   ,   
7/13/2022 12:15:52 ,    ,    ,  1 ,  2 ,    ,    ,    ,   ,  5 ,    ,   ,    ,    ,    ,    ,  4 ,    ,  3 ,    ,    ,   ,   
7/13/2022 12:55:09 ,  2 ,    ,    ,  4 ,  5 ,    ,  3 ,   ,    ,    ,   ,    ,    ,    ,    ,    ,    ,    ,    ,    , 1 ,   
7/13/2022 13:07:58 ,  5 ,    ,    ,    ,    ,    ,  1 ,   ,  3 ,    ,   ,    ,    ,    ,    ,    ,    ,    ,    ,    ,   ,  4
7/13/2022 15:35:50 ,  4 ,  1 ,    ,  3 ,  5 ,    ,    ,   ,  2 ,    ,   ,    ,    ,    ,    ,    ,    ,    ,    ,    ,   ,   
7/13/2022 17:33:11 ,    ,  4 ,    ,  5 ,    ,  1 ,    ,   ,    ,    , 3 ,    ,    ,    ,    ,    ,  2 ,    ,    ,    ,   ,   
7/13/2022 20:28:48 ,    ,    ,  1 ,  5 ,    ,  3 ,    ,   ,    ,    ,   ,    ,    ,    ,  4 ,    ,    ,    ,    ,  2 ,   ,   
7/13/2022 21:48:31 ,    ,    ,    ,  3 ,    ,    ,  1 ,   ,    ,    ,   ,    ,    ,    ,  5 ,    ,    ,    ,    ,    , 2 ,  4
7/13/2022 22:15:00 ,    ,  1 ,  3 ,    ,    ,    ,    , 4 ,    ,    ,   ,    ,  5 ,    ,    ,    ,    ,    ,    ,  2 ,   ,   
7/13/2022 22:21:11 ,    ,  3 ,  4 ,  2 ,    ,    ,    ,   ,    ,    , 1 ,    ,    ,    ,    ,    ,    ,  5 ,    ,    ,   ,   
7/14/2022 10:31:30 ,    ,  2 ,    ,  5 ,    ,    ,    ,   ,    ,    , 1 ,    ,    ,    ,    ,    ,    ,  3 ,    ,  4 ,   ,   
7/14/2022 12:37:50 ,    ,    ,  3 ,  2 ,    ,    ,    ,   ,    ,    , 1 ,    ,  5 ,    ,    ,    ,    ,    ,    ,    , 4 ,   
7/15/2022 12:08:50 ,    ,    ,    ,    ,    ,    ,    ,   ,  4 ,    , 1 ,  2 ,  5 ,    ,    ,    ,    ,    ,    ,  3 ,   ,   
7/15/2022 13:31:25 ,    ,  2 ,    ,  4 ,    ,    ,  1 ,   ,    ,    , 3 ,    ,    ,    ,    ,    ,    ,    ,    ,    ,   ,  5
7/15/2022 15:19:29 ,    ,  2 ,    ,    ,    ,  3 ,    ,   ,    ,    ,   ,    ,    ,    ,    ,    ,    ,    ,    ,  1 ,   ,   
7/17/2022 15:43:07 ,  1 ,    ,    ,  2 ,    ,    ,    ,   ,    ,    ,   ,  3 ,  5 ,    ,  4 ,    ,    ,    ,    ,    ,   ,   
7/18/2022 0:05:52  ,  4 ,  3 ,    ,    ,    ,    ,    , 1 ,    ,    , 2 ,    ,    ,    ,    ,    ,    ,  5 ,    ,    ,   ,   
7/18/2022 14:20:34 ,    ,    ,    ,  3 ,    ,    ,    ,   ,    ,    , 4 ,    ,    ,    ,  2 ,    ,  1 ,  5 ,    ,    ,   ,   
7/18/2022 15:46:50 ,    ,  1 ,  3 ,  5 ,    ,  4 ,    ,   ,    ,    , 2 ,    ,    ,    ,    ,    ,    ,    ,    ,    ,   ,   
7/18/2022 23:50:16 ,    ,  3 ,  4 ,    ,  5 ,    ,    ,   ,    ,    , 2 ,    ,    ,    ,    ,    ,    ,    ,    ,  1 ,   ,   
7/19/2022 9:59:28  ,    ,  4 ,  3 ,    ,    ,  2 ,    ,   ,    ,    , 1 ,    ,    ,    ,    ,    ,    ,  5 ,    ,    ,   ,   
7/19/2022 14:56:52 ,  1 ,    ,    ,    ,    ,    ,    ,   ,    ,    ,   ,  3 ,    ,    ,    ,    ,    ,    ,    ,    ,   ,  2
7/19/2022 18:36:20 ,    ,    ,    ,    ,  1 ,    ,  5 ,   ,    ,    , 4 ,    ,  3 ,    ,    ,  2 ,    ,    ,    ,    ,   ,   
7/20/2022 11:41:59 ,  2 ,    ,    ,  1 ,    ,    ,    ,   ,    ,    ,   ,    ,    ,    ,    ,  4 ,    ,    ,    ,    , 3 ,  5
7/20/2022 13:24:33 ,    ,    ,    ,    ,    ,    ,    , 1 ,  3 ,    ,   ,    ,    ,    ,  2 ,    ,  4 ,    ,    ,  5 ,   ,   
7/20/2022 15:53:46 ,    ,  1 ,  4 ,    ,    ,    ,    ,   ,    ,    , 2 ,    ,    ,    ,  5 ,    ,    ,    ,    ,  3 ,   ,   
7/20/2022 22:24:39 ,    ,  1 ,    ,    ,    ,    ,    ,   ,    ,    , 4 ,    ,    ,    ,    ,    ,    ,  3 ,    ,  5 , 2 ,   
7/21/2022 20:11:44 ,    ,    ,    ,    ,    ,    ,    ,   ,  5 ,    ,   ,    ,  2 ,    ,  1 ,  3 ,  4 ,    ,    ,    ,   ,   
7/21/2022 23:37:57 ,    ,  4 ,  5 ,    ,    ,    ,    ,   ,  3 ,    ,   ,    ,    ,    ,    ,  2 ,  1 ,    ,    ,    ,   ,   
7/22/2022 12:05:54 ,  2 ,  1 ,    ,    ,    ,    ,    ,   ,    ,    ,   ,    ,    ,    ,    ,    ,    ,    ,    ,    ,   ,  3
7/22/2022 14:38:47 ,  4 ,    ,  2 ,  1 ,    ,    ,    ,   ,    ,    ,   ,    ,    ,    ,    ,  5 ,    ,    ,    ,    , 3 ,   
7/22/2022 15:33:18 ,  1 ,    ,    ,    ,  4 ,    ,    ,   ,    ,    ,   ,  5 ,    ,    ,    ,  2 ,    ,    ,    ,    ,   ,  3
7/22/2022 18:00:16 ,    ,  5 ,    ,    ,  2 ,    ,    ,   ,    ,    ,   ,    ,    ,    ,  3 ,    ,    ,  1 ,    ,    ,   ,   
7/23/2022 16:51:31 ,    ,    ,    ,  1 ,  4 ,    ,    ,   ,    ,    ,   ,    ,  3 ,    ,    ,    ,    ,  2 ,    ,    ,   ,  5
7/23/2022 20:00:14 ,    ,  1 ,  5 ,    ,    ,    ,  4 ,   ,    ,    , 2 ,    ,    ,    ,    ,    ,    ,    ,    ,    ,   ,  3
7/24/2022 11:04:59 ,  3 ,    ,    ,    ,    ,  4 ,    ,   ,    ,    , 2 ,    ,    ,    ,    ,    ,    ,    ,    ,  1 , 5 ,   
7/24/2022 22:03:36 ,    ,    ,    ,  2 ,  5 ,    ,    ,   ,  4 ,    , 3 ,    ,    ,    ,    ,    ,    ,    ,    ,  1 ,   ,   
7/25/2022 11:16:00 ,    ,    ,    ,    ,    ,    ,  1 ,   ,    ,    ,   ,    ,    ,    ,    ,    ,    ,    ,    ,    ,   ,   
7/25/2022 20:31:24 ,    ,  3 ,    ,  2 ,    ,  5 ,    ,   ,    ,    , 1 ,    ,    ,    ,    ,    ,  4 ,    ,    ,    ,   ,   
7/26/2022 11:02:38 ,    ,  1 ,    ,    ,    ,  5 ,    ,   ,    ,    ,   ,    ,  4 ,    ,    ,    ,    ,  3 ,    ,  2 ,   ,   
7/26/2022 11:08:12 ,    ,    ,    ,    ,    ,  1 ,    ,   ,    ,    ,   ,    ,    ,    ,    ,    ,    ,    ,    ,    ,   ,   
7/27/2022 12:48:12 ,    ,    ,    ,    ,    ,    ,    ,   ,    ,    , 1 ,  2 ,    ,    ,    ,    ,    ,    ,    ,  3 ,   ,   
7/27/2022 20:10:03 ,    ,    ,    ,    ,    ,    ,  1 ,   ,    ,    , 3 ,    ,  2 ,    ,    ,    ,    ,  4 ,    ,    , 5 ,   
7/28/2022 11:55:25 ,    ,  4 ,    ,  5 ,    ,    ,    ,   ,    ,    , 2 ,    ,    ,    ,    ,  3 ,    ,    ,    ,    , 1 ,   
7/28/2022 15:24:33 ,    ,  1 ,    ,  3 ,    ,  2 ,    ,   ,    ,    ,   ,    ,    ,    ,  4 ,    ,    ,  5 ,    ,    ,   ,   
7/29/2022 10:44:33 ,    ,  3 ,    ,    ,    ,    ,    ,   ,    ,    , 1 ,    ,    ,    ,  2 ,    ,    ,    ,    ,    , 5 ,  4
8/1/2022 14:09:41  ,    ,  1 ,    ,    ,  5 ,  2 ,    ,   ,    ,    , 3 ,    ,    ,    ,    ,    ,    ,    ,    ,  4 ,   ,   
8/1/2022 17:25:01  ,    ,    ,    ,  5 ,  3 ,    ,    ,   ,    ,    ,   ,  4 ,  2 ,    ,    ,    ,    ,  1 ,    ,    ,   ,   
8/2/2022 16:58:46  ,    ,    ,  1 ,  2 ,  5 ,  3 ,    ,   ,    ,    ,   ,    ,    ,    ,    ,    ,    ,    ,    ,    , 4 ,   
8/3/2022 11:57:00  ,    ,  3 ,    ,    ,  4 ,    ,    ,   ,  5 ,    , 1 ,  2 ,    ,    ,    ,    ,    ,    ,    ,    ,   ,   
8/5/2022 10:09:24  ,    ,  4 ,    ,  3 ,    ,    ,    ,   ,    ,    , 1 ,    ,    ,    ,    ,    ,    ,    ,    ,  5 , 2 ,   
8/5/2022 11:16:15  ,    ,    ,    ,    ,    ,    ,    ,   ,  2 ,    , 1 ,    ,    ,    ,    ,    ,    ,    ,    ,    ,   ,   
8/7/2022 0:34:09   ,    ,  4 ,  5 ,    ,    ,    ,    , 2 ,    ,    , 3 ,    ,    ,    ,    ,    ,    ,  1 ,    ,    ,   ,   
8/9/2022 17:09:15  ,    ,    ,  5 ,    ,    ,  3 ,    ,   ,    ,    ,   ,  2 ,  4 ,    ,    ,    ,  1 ,    ,    ,    ,   ,   
8/16/2022 23:15:54 ,    ,    ,    ,    ,  4 ,    ,    ,   ,  3 ,    ,   ,  5 ,    ,    ,    ,  1 ,  2 ,    ,    ,    ,   ,   
8/17/2022 1:12:15  ,    ,    ,    ,    ,    ,    ,    , 1 ,  5 ,    ,   ,  4 ,  3 ,    ,    ,    ,  2 ,    ,    ,    ,   ,   
8/19/2022 14:11:47 ,    ,    ,    ,    ,    ,    ,    ,   ,    ,    ,   ,    ,    ,    ,    ,    ,    ,    ,    ,    , 1 ,   
8/20/2022 13:01:02 ,    ,    ,    ,    ,    ,    ,    ,   ,    ,    ,   ,    ,  5 ,    ,  4 ,    ,  3 ,    ,    ,    , 1 ,  2
8/24/2022 11:51:45 ,    ,    ,    ,    ,    ,    ,  2 , 3 ,  1 ,    ,   ,  5 ,    ,    ,    ,    ,    ,    ,    ,    , 4 ,   
8/24/2022 22:52:07 ,  3 ,    ,    ,    ,    ,    ,  5 ,   ,    ,    ,   ,    ,    ,    ,  4 ,    ,    ,    ,    ,    , 2 ,  1
8/27/2022 17:28:20 ,    ,    ,    ,    ,  3 ,    ,    ,   ,    ,    ,   ,    ,  4 ,    ,  2 ,    ,    ,    ,    ,    , 5 ,  1
8/31/2022 19:26:25 ,    ,    ,    ,    ,  1 ,    ,    ,   ,  5 ,    ,   ,  3 ,    ,    ,  2 ,    ,  4 ,    ,    ,    ,   ,   
9/3/2022 8:59:43   ,  1 ,    ,    ,    ,    ,    ,  3 ,   ,    ,    ,   ,    ,    ,    ,    ,  5 ,    ,    ,    ,    , 2 ,  4