CSEM 100-G08/ Fact or Fiction: Using Science to Tackle Popular Myths,CSEM 100-G12/ Music and Sound Technology,CSEM 100-G17/ On Being Human,CSEM 100-G04/ Why Do We Eat That?,CSEM 100-G14/ American Inequality,6/4/14 15:39,6/4/14 15:39,10.1.15.2,2616,plfxv8
CSEM 100-G17/ On Being Human,CSEM 100-G06/ Eye. Spy. The Art of Observation,CSEM 100-G08/ Fact or Fiction: Using Science to Tackle Popular Myths,CSEM 100-G10/ The Meaning of Life in Ancient Thought,CSEM 100-G14/ American Inequality,6/4/14 16:38,6/4/14 16:38,10.1.15.2,2619,dbm5xr
CSEM 100-G06/ Eye. Spy. The Art of Observation,CSEM 100-G07/ Art and the Body,CSEM 100-G17/ On Being Human,CSEM 100-G08/ Fact or Fiction: Using Science to Tackle Popular Myths,CSEM 100-G12/ Music and Sound Technology,6/4/14 16:54,6/4/14 16:54,10.1.15.2,2621,qjdbc3
CSEM 100-G17/ On Being Human,CSEM 100-G08/ Fact or Fiction: Using Science to Tackle Popular Myths,CSEM 100-G15/ Politics of Popular Culture,CSEM 100-G04/ Why Do We Eat That?,CSEM 100-G06/ Eye. Spy. The Art of Observation,6/4/14 18:07,6/4/14 18:07,10.1.15.2,2626,gp9clv
CSEM 100-G05/ Forensic Anthropology Examined,CSEM 100-G17/ On Being Human,CSEM 100-G08/ Fact or Fiction: Using Science to Tackle Popular Myths,CSEM 100-G15/ Politics of Popular Culture,CSEM 100-G12/ Music and Sound Technology,6/4/14 18:10,6/4/14 18:10,10.1.15.2,2627,7zirwv
CSEM 100-G17/ On Being Human,CSEM 100-G09/ Science in Fiction (But NOT Science Fiction),CSEM 100-G15/ Politics of Popular Culture,CSEM 100-G14/ American Inequality,CSEM 100-G10/ The Meaning of Life in Ancient Thought,6/4/14 18:30,6/4/14 18:30,10.1.15.2,2628,v1rh4d
CSEM 100-G17/ On Being Human,CSEM 100-G06/ Eye. Spy. The Art of Observation,CSEM 100-G15/ Politics of Popular Culture,CSEM 100-G08/ Fact or Fiction: Using Science to Tackle Popular Myths,CSEM 100-G16/ Hashtagging the Revolution: Social Media and Political Participation in the Digital Age,6/4/14 19:05,6/4/14 19:05,10.1.15.2,2631,ytnkkb
CSEM 100-G05/ Forensic Anthropology Examined,CSEM 100-G08/ Fact or Fiction: Using Science to Tackle Popular Myths,CSEM 100-G06/ Eye. Spy. The Art of Observation,CSEM 100-G17/ On Being Human,CSEM 100-G10/ The Meaning of Life in Ancient Thought,6/4/14 19:05,6/4/14 19:05,10.1.15.2,2632,ww7wsb
CSEM 100-G17/ On Being Human,CSEM 100-G15/ Politics of Popular Culture,CSEM 100-G04/ Why Do We Eat That?,CSEM 100-G05/ Forensic Anthropology Examined,CSEM 100-G01/ Global Peacebuilding and Leadership,6/4/14 21:43,6/4/14 21:43,10.1.15.2,2634,ss7rq5
CSEM 100-G17/ On Being Human,CSEM 100-G08/ Fact or Fiction: Using Science to Tackle Popular Myths,CSEM 100-G05/ Forensic Anthropology Examined,CSEM 100-G10/ The Meaning of Life in Ancient Thought,CSEM 100-G13/ Physics for Future Presidents,6/4/14 22:03,6/4/14 22:03,10.1.15.2,2636,wbg34i
CSEM 100-G06/ Eye. Spy. The Art of Observation,CSEM 100-G07/ Art and the Body,CSEM 100-G10/ The Meaning of Life in Ancient Thought,CSEM 100-G12/ Music and Sound Technology,CSEM 100-G01/ Global Peacebuilding and Leadership,6/4/14 23:11,6/4/14 23:11,10.1.15.2,2637,mwsqsa
CSEM 100-G05/ Forensic Anthropology Examined,CSEM 100-G16/ Hashtagging the Revolution: Social Media and Political Participation in the Digital Age,CSEM 100-G03/ Citizenship and Borders,CSEM 100-G12/ Music and Sound Technology,CSEM 100-G17/ On Being Human,6/5/14 0:38,6/5/14 0:38,10.1.15.2,2638,4nq3z2
CSEM 100-G08/ Fact or Fiction: Using Science to Tackle Popular Myths,CSEM 100-G02/ Eataly: Food in Italian Culture,CSEM 100-G10/ The Meaning of Life in Ancient Thought,CSEM 100-G14/ American Inequality,CSEM 100-G03/ Citizenship and Borders,6/5/14 17:03,6/5/14 17:03,10.1.15.2,2639,9qsl1b
CSEM 100-G06/ Eye. Spy. The Art of Observation,CSEM 100-G07/ Art and the Body,CSEM 100-G04/ Why Do We Eat That?,CSEM 100-G12/ Music and Sound Technology,CSEM 100-G08/ Fact or Fiction: Using Science to Tackle Popular Myths,6/6/14 2:30,6/6/14 2:30,10.1.15.2,2643,pmbwbq
CSEM 100-G14/ American Inequality,CSEM 100-G15/ Politics of Popular Culture,CSEM 100-G04/ Why Do We Eat That?,CSEM 100-G16/ Hashtagging the Revolution: Social Media and Political Participation in the Digital Age,CSEM 100-G12/ Music and Sound Technology,6/6/14 5:24,6/6/14 5:24,10.1.15.2,2644,n46y8w
CSEM 100-G17/ On Being Human,CSEM 100-G07/ Art and the Body,CSEM 100-G03/ Citizenship and Borders,CSEM 100-G01/ Global Peacebuilding and Leadership,CSEM 100-G12/ Music and Sound Technology,6/6/14 17:24,6/6/14 17:24,10.1.15.2,2645,vpbc1m
CSEM 100-G10/ The Meaning of Life in Ancient Thought,CSEM 100-G15/ Politics of Popular Culture,CSEM 100-G16/ Hashtagging the Revolution: Social Media and Political Participation in the Digital Age,CSEM 100-G04/ Why Do We Eat That?,CSEM 100-G17/ On Being Human,6/7/14 0:04,6/7/14 0:04,10.1.15.2,2647,ywlcad
CSEM 100-G04/ Why Do We Eat That?,CSEM 100-G07/ Art and the Body,CSEM 100-G17/ On Being Human,CSEM 100-G05/ Forensic Anthropology Examined,CSEM 100-G11/ Mathematics: The Language of the Universe,6/7/14 15:50,6/7/14 15:50,10.1.15.2,2648,ki90xx
CSEM 100-G10/ The Meaning of Life in Ancient Thought,CSEM 100-G11/ Mathematics: The Language of the Universe,CSEM 100-G17/ On Being Human,CSEM 100-G13/ Physics for Future Presidents,CSEM 100-G12/ Music and Sound Technology,6/7/14 23:23,6/7/14 23:23,10.1.15.2,2650,ficf7w
CSEM 100-G17/ On Being Human,CSEM 100-G12/ Music and Sound Technology,CSEM 100-G16/ Hashtagging the Revolution: Social Media and Political Participation in the Digital Age,CSEM 100-G15/ Politics of Popular Culture,CSEM 100-G14/ American Inequality,6/8/14 2:36,6/8/14 2:36,10.1.15.2,2651,cijh0z
CSEM 100-G11/ Mathematics: The Language of the Universe,CSEM 100-G12/ Music and Sound Technology,CSEM 100-G17/ On Being Human,CSEM 100-G08/ Fact or Fiction: Using Science to Tackle Popular Myths,CSEM 100-G04/ Why Do We Eat That?,6/9/14 0:47,6/9/14 0:47,10.1.15.2,2653,6siwxf
CSEM 100-G15/ Politics of Popular Culture,CSEM 100-G16/ Hashtagging the Revolution: Social Media and Political Participation in the Digital Age,CSEM 100-G17/ On Being Human,CSEM 100-G08/ Fact or Fiction: Using Science to Tackle Popular Myths,CSEM 100-G09/ Science in Fiction (But NOT Science Fiction),6/9/14 20:35,6/9/14 20:35,10.1.15.2,2655,kdevoz
CSEM 100-G12/ Music and Sound Technology,CSEM 100-G17/ On Being Human,CSEM 100-G07/ Art and the Body,CSEM 100-G06/ Eye. Spy. The Art of Observation,CSEM 100-G10/ The Meaning of Life in Ancient Thought,6/10/14 0:29,6/10/14 0:29,10.1.15.2,2657,ux5bu8
CSEM 100-G07/ Art and the Body,CSEM 100-G17/ On Being Human,CSEM 100-G04/ Why Do We Eat That?,CSEM 100-G06/ Eye. Spy. The Art of Observation,CSEM 100-G15/ Politics of Popular Culture,6/10/14 15:14,6/10/14 15:14,10.1.15.2,2658,yg3mh5
CSEM 100-G10/ The Meaning of Life in Ancient Thought,CSEM 100-G17/ On Being Human,CSEM 100-G14/ American Inequality,CSEM 100-G01/ Global Peacebuilding and Leadership,CSEM 100-G16/ Hashtagging the Revolution: Social Media and Political Participation in the Digital Age,6/11/14 21:17,6/11/14 21:17,10.1.15.2,2660,89i1m8
CSEM 100-G05/ Forensic Anthropology Examined,CSEM 100-G04/ Why Do We Eat That?,CSEM 100-G02/ Eataly: Food in Italian Culture,CSEM 100-G06/ Eye. Spy. The Art of Observation,CSEM 100-G07/ Art and the Body,6/12/14 2:50,6/12/14 2:50,10.1.15.2,2664,fm3fed
CSEM 100-G05/ Forensic Anthropology Examined,CSEM 100-G06/ Eye. Spy. The Art of Observation,CSEM 100-G12/ Music and Sound Technology,CSEM 100-G15/ Politics of Popular Culture,CSEM 100-G17/ On Being Human,6/12/14 14:24,6/12/14 14:24,10.1.15.2,2665,xmk8m7
CSEM 100-G12/ Music and Sound Technology,CSEM 100-G09/ Science in Fiction (But NOT Science Fiction),CSEM 100-G11/ Mathematics: The Language of the Universe,CSEM 100-G05/ Forensic Anthropology Examined,CSEM 100-G04/ Why Do We Eat That?,6/12/14 19:10,6/12/14 19:10,10.1.15.2,2666,c2e53u
CSEM 100-G17/ On Being Human,CSEM 100-G05/ Forensic Anthropology Examined,CSEM 100-G15/ Politics of Popular Culture,CSEM 100-G16/ Hashtagging the Revolution: Social Media and Political Participation in the Digital Age,CSEM 100-G03/ Citizenship and Borders,6/15/14 22:56,6/15/14 22:56,10.1.15.2,2671,956hl0
CSEM 100-G05/ Forensic Anthropology Examined,CSEM 100-G06/ Eye. Spy. The Art of Observation,CSEM 100-G10/ The Meaning of Life in Ancient Thought,CSEM 100-G07/ Art and the Body,CSEM 100-G12/ Music and Sound Technology,6/16/14 0:20,6/16/14 0:20,10.1.15.2,2672,mzdxqh
CSEM 100-G12/ Music and Sound Technology,CSEM 100-G06/ Eye. Spy. The Art of Observation,CSEM 100-G02/ Eataly: Food in Italian Culture,CSEM 100-G18/ Community Service,CSEM 100-G20/ Community Service,6/16/14 2:37,6/16/14 2:37,10.1.15.2,2673,4ihfbq
CSEM 100-G10/ The Meaning of Life in Ancient Thought,CSEM 100-G08/ Fact or Fiction: Using Science to Tackle Popular Myths,CSEM 100-G14/ American Inequality,CSEM 100-G15/ Politics of Popular Culture,CSEM 100-G17/ On Being Human,6/16/14 3:19,6/16/14 3:19,10.1.15.2,2674,3tmmfg
CSEM 100-G04/ Why Do We Eat That?,CSEM 100-G07/ Art and the Body,CSEM 100-G12/ Music and Sound Technology,CSEM 100-G10/ The Meaning of Life in Ancient Thought,CSEM 100-G02/ Eataly: Food in Italian Culture,6/16/14 15:40,6/16/14 15:40,10.1.15.2,2676,4r7hr7
CSEM 100-G17/ On Being Human,CSEM 100-G04/ Why Do We Eat That?,CSEM 100-G05/ Forensic Anthropology Examined,CSEM 100-G07/ Art and the Body,CSEM 100-G08/ Fact or Fiction: Using Science to Tackle Popular Myths,6/16/14 16:05,6/16/14 16:05,10.1.15.2,2677,m98xlz
CSEM 100-G05/ Forensic Anthropology Examined,CSEM 100-G08/ Fact or Fiction: Using Science to Tackle Popular Myths,CSEM 100-G16/ Hashtagging the Revolution: Social Media and Political Participation in the Digital Age,CSEM 100-G09/ Science in Fiction (But NOT Science Fiction),CSEM 100-G18/ Community Service,6/17/14 1:07,6/17/14 1:07,10.1.15.2,2678,hvik3j
CSEM 100-G06/ Eye. Spy. The Art of Observation,CSEM 100-G10/ The Meaning of Life in Ancient Thought,CSEM 100-G07/ Art and the Body,CSEM 100-G06/ Eye. Spy. The Art of Observation,CSEM 100-G10/ The Meaning of Life in Ancient Thought,6/17/14 1:24,6/17/14 1:24,10.1.15.2,2679,ev5zaz
CSEM 100-G17/ On Being Human,CSEM 100-G10/ The Meaning of Life in Ancient Thought,CSEM 100-G15/ Politics of Popular Culture,CSEM 100-G14/ American Inequality,CSEM 100-G09/ Science in Fiction (But NOT Science Fiction),6/17/14 15:26,6/17/14 15:26,10.1.15.2,2680,3550mq
CSEM 100-G08/ Fact or Fiction: Using Science to Tackle Popular Myths,CSEM 100-G17/ On Being Human,CSEM 100-G04/ Why Do We Eat That?,CSEM 100-G11/ Mathematics: The Language of the Universe,CSEM 100-G03/ Citizenship and Borders,6/17/14 18:18,6/17/14 18:18,10.1.15.2,2682,fzuffm
CSEM 100-G07/ Art and the Body,CSEM 100-G17/ On Being Human,CSEM 100-G02/ Eataly: Food in Italian Culture,CSEM 100-G12/ Music and Sound Technology,CSEM 100-G10/ The Meaning of Life in Ancient Thought,6/17/14 20:29,6/17/14 20:29,10.1.15.2,2683,m2bb01
CSEM 100-G06/ Eye. Spy. The Art of Observation,CSEM 100-G08/ Fact or Fiction: Using Science to Tackle Popular Myths,CSEM 100-G09/ Science in Fiction (But NOT Science Fiction),CSEM 100-G15/ Politics of Popular Culture,CSEM 100-G12/ Music and Sound Technology,6/18/14 11:27,6/18/14 11:27,10.1.15.2,2685,1epvw5
CSEM 100-G17/ On Being Human,CSEM 100-G12/ Music and Sound Technology,CSEM 100-G04/ Why Do We Eat That?,CSEM 100-G01/ Global Peacebuilding and Leadership,CSEM 100-G07/ Art and the Body,6/19/14 17:51,6/19/14 17:51,10.1.15.2,2686,py5mjs
CSEM 100-G08/ Fact or Fiction: Using Science to Tackle Popular Myths,CSEM 100-G02/ Eataly: Food in Italian Culture,CSEM 100-G05/ Forensic Anthropology Examined,CSEM 100-G04/ Why Do We Eat That?,CSEM 100-G15/ Politics of Popular Culture,6/20/14 0:19,6/20/14 0:19,10.1.15.2,2695,k4sbu2
CSEM 100-G06/ Eye. Spy. The Art of Observation,CSEM 100-G17/ On Being Human,CSEM 100-G10/ The Meaning of Life in Ancient Thought,CSEM 100-G07/ Art and the Body,CSEM 100-G16/ Hashtagging the Revolution: Social Media and Political Participation in the Digital Age,6/20/14 0:47,6/20/14 0:47,10.1.15.2,2697,bg8gh2
CSEM 100-G08/ Fact or Fiction: Using Science to Tackle Popular Myths,CSEM 100-G05/ Forensic Anthropology Examined,CSEM 100-G11/ Mathematics: The Language of the Universe,CSEM 100-G02/ Eataly: Food in Italian Culture,CSEM 100-G16/ Hashtagging the Revolution: Social Media and Political Participation in the Digital Age,6/20/14 1:12,6/20/14 1:12,10.1.15.2,2698,27t5r9
CSEM 100-G17/ On Being Human,CSEM 100-G04/ Why Do We Eat That?,CSEM 100-G06/ Eye. Spy. The Art of Observation,CSEM 100-G02/ Eataly: Food in Italian Culture,CSEM 100-G12/ Music and Sound Technology,6/20/14 2:31,6/20/14 2:31,10.1.15.2,2700,codavv
CSEM 100-G08/ Fact or Fiction: Using Science to Tackle Popular Myths,CSEM 100-G05/ Forensic Anthropology Examined,CSEM 100-G17/ On Being Human,CSEM 100-G04/ Why Do We Eat That?,CSEM 100-G01/ Global Peacebuilding and Leadership,6/20/14 13:50,6/20/14 13:50,10.1.15.2,2701,lv4su5
CSEM 100-G17/ On Being Human,CSEM 100-G07/ Art and the Body,CSEM 100-G06/ Eye. Spy. The Art of Observation,CSEM 100-G14/ American Inequality,CSEM 100-G15/ Politics of Popular Culture,6/20/14 16:12,6/20/14 16:12,10.1.15.2,2703,lups3p
CSEM 100-G08/ Fact or Fiction: Using Science to Tackle Popular Myths,CSEM 100-G11/ Mathematics: The Language of the Universe,CSEM 100-G02/ Eataly: Food in Italian Culture,CSEM 100-G19/ Community Service,CSEM 100-G20/ Community Service,6/20/14 19:00,6/20/14 19:00,10.1.15.2,2706,4o3qnz
CSEM 100-G11/ Mathematics: The Language of the Universe,CSEM 100-G13/ Physics for Future Presidents,CSEM 100-G09/ Science in Fiction (But NOT Science Fiction),CSEM 100-G03/ Citizenship and Borders,CSEM 100-G04/ Why Do We Eat That?,6/20/14 22:46,6/20/14 22:46,10.1.15.2,2707,9v44sl
CSEM 100-G15/ Politics of Popular Culture,CSEM 100-G16/ Hashtagging the Revolution: Social Media and Political Participation in the Digital Age,CSEM 100-G14/ American Inequality,CSEM 100-G04/ Why Do We Eat That?,CSEM 100-G05/ Forensic Anthropology Examined,6/21/14 16:28,6/21/14 16:28,10.1.15.2,2710,ixspfl
CSEM 100-G08/ Fact or Fiction: Using Science to Tackle Popular Myths,CSEM 100-G13/ Physics for Future Presidents,CSEM 100-G16/ Hashtagging the Revolution: Social Media and Political Participation in the Digital Age,CSEM 100-G05/ Forensic Anthropology Examined,CSEM 100-G07/ Art and the Body,6/21/14 22:15,6/21/14 22:15,10.1.15.2,2713,u4ql6d
CSEM 100-G06/ Eye. Spy. The Art of Observation,CSEM 100-G08/ Fact or Fiction: Using Science to Tackle Popular Myths,CSEM 100-G10/ The Meaning of Life in Ancient Thought,CSEM 100-G17/ On Being Human,CSEM 100-G04/ Why Do We Eat That?,6/22/14 8:08,6/22/14 8:08,10.1.15.2,2714,tnd895
CSEM 100-G17/ On Being Human,CSEM 100-G06/ Eye. Spy. The Art of Observation,CSEM 100-G15/ Politics of Popular Culture,CSEM 100-G14/ American Inequality,CSEM 100-G05/ Forensic Anthropology Examined,6/22/14 14:39,6/22/14 14:39,10.1.15.2,2715,87334v
CSEM 100-G10/ The Meaning of Life in Ancient Thought,CSEM 100-G02/ Eataly: Food in Italian Culture,CSEM 100-G17/ On Being Human,CSEM 100-G13/ Physics for Future Presidents,CSEM 100-G01/ Global Peacebuilding and Leadership,6/23/14 0:34,6/23/14 0:34,10.1.15.2,2717,ue3aqk
CSEM 100-G05/ Forensic Anthropology Examined,CSEM 100-G08/ Fact or Fiction: Using Science to Tackle Popular Myths,CSEM 100-G02/ Eataly: Food in Italian Culture,CSEM 100-G06/ Eye. Spy. The Art of Observation,CSEM 100-G04/ Why Do We Eat That?,6/23/14 1:56,6/23/14 1:56,10.1.15.2,2719,lbhfsp
CSEM 100-G09/ Science in Fiction (But NOT Science Fiction),CSEM 100-G10/ The Meaning of Life in Ancient Thought,CSEM 100-G16/ Hashtagging the Revolution: Social Media and Political Participation in the Digital Age,CSEM 100-G17/ On Being Human,CSEM 100-G08/ Fact or Fiction: Using Science to Tackle Popular Myths,6/23/14 14:27,6/23/14 14:27,10.1.15.2,2720,48xmnx
CSEM 100-G08/ Fact or Fiction: Using Science to Tackle Popular Myths,CSEM 100-G02/ Eataly: Food in Italian Culture,CSEM 100-G09/ Science in Fiction (But NOT Science Fiction),CSEM 100-G06/ Eye. Spy. The Art of Observation,CSEM 100-G04/ Why Do We Eat That?,6/23/14 14:33,6/23/14 14:33,10.1.15.2,2723,xdsnai
CSEM 100-G08/ Fact or Fiction: Using Science to Tackle Popular Myths,CSEM 100-G06/ Eye. Spy. The Art of Observation,CSEM 100-G05/ Forensic Anthropology Examined,CSEM 100-G04/ Why Do We Eat That?,CSEM 100-G02/ Eataly: Food in Italian Culture,6/23/14 14:46,6/23/14 14:46,10.1.15.2,2725,cfyp13
CSEM 100-G08/ Fact or Fiction: Using Science to Tackle Popular Myths,CSEM 100-G19/ Community Service,CSEM 100-G18/ Community Service,CSEM 100-G20/ Community Service,CSEM 100-G04/ Why Do We Eat That?,6/23/14 14:50,6/23/14 14:50,10.1.15.2,2726,9vinjo
CSEM 100-G05/ Forensic Anthropology Examined,CSEM 100-G17/ On Being Human,CSEM 100-G04/ Why Do We Eat That?,CSEM 100-G16/ Hashtagging the Revolution: Social Media and Political Participation in the Digital Age,CSEM 100-G02/ Eataly: Food in Italian Culture,6/23/14 14:50,6/23/14 14:50,10.1.15.2,2727,2kucfh
CSEM 100-G05/ Forensic Anthropology Examined,CSEM 100-G06/ Eye. Spy. The Art of Observation,CSEM 100-G02/ Eataly: Food in Italian Culture,CSEM 100-G08/ Fact or Fiction: Using Science to Tackle Popular Myths,CSEM 100-G09/ Science in Fiction (But NOT Science Fiction),6/23/14 14:53,6/23/14 14:53,10.1.15.2,2728,vz587w
CSEM 100-G17/ On Being Human,CSEM 100-G11/ Mathematics: The Language of the Universe,CSEM 100-G06/ Eye. Spy. The Art of Observation,CSEM 100-G09/ Science in Fiction (But NOT Science Fiction),CSEM 100-G14/ American Inequality,6/23/14 14:57,6/23/14 14:57,10.1.15.2,2729,jfcnoo
CSEM 100-G05/ Forensic Anthropology Examined,CSEM 100-G08/ Fact or Fiction: Using Science to Tackle Popular Myths,CSEM 100-G02/ Eataly: Food in Italian Culture,CSEM 100-G01/ Global Peacebuilding and Leadership,CSEM 100-G07/ Art and the Body,6/23/14 16:14,6/23/14 16:14,10.1.15.2,2731,e6k6xz
CSEM 100-G05/ Forensic Anthropology Examined,CSEM 100-G04/ Why Do We Eat That?,CSEM 100-G08/ Fact or Fiction: Using Science to Tackle Popular Myths,CSEM 100-G15/ Politics of Popular Culture,CSEM 100-G14/ American Inequality,6/23/14 17:46,6/23/14 17:46,10.1.15.2,2732,qvl2t
CSEM 100-G10/ The Meaning of Life in Ancient Thought,CSEM 100-G08/ Fact or Fiction: Using Science to Tackle Popular Myths,CSEM 100-G12/ Music and Sound Technology,CSEM 100-G01/ Global Peacebuilding and Leadership,CSEM 100-G01/ Global Peacebuilding and Leadership,6/23/14 18:06,6/23/14 18:06,10.1.15.2,2734,avwf3q
CSEM 100-G04/ Why Do We Eat That?,CSEM 100-G07/ Art and the Body,CSEM 100-G08/ Fact or Fiction: Using Science to Tackle Popular Myths,CSEM 100-G17/ On Being Human,CSEM 100-G02/ Eataly: Food in Italian Culture,6/23/14 18:38,6/23/14 18:38,10.1.15.2,2736,5whwbt
CSEM 100-G05/ Forensic Anthropology Examined,CSEM 100-G13/ Physics for Future Presidents,CSEM 100-G07/ Art and the Body,CSEM 100-G15/ Politics of Popular Culture,CSEM 100-G06/ Eye. Spy. The Art of Observation,6/23/14 18:44,6/23/14 18:44,10.1.15.2,2737,l5a1au
CSEM 100-G08/ Fact or Fiction: Using Science to Tackle Popular Myths,CSEM 100-G16/ Hashtagging the Revolution: Social Media and Political Participation in the Digital Age,CSEM 100-G02/ Eataly: Food in Italian Culture,CSEM 100-G06/ Eye. Spy. The Art of Observation,CSEM 100-G11/ Mathematics: The Language of the Universe,6/23/14 19:16,6/23/14 19:16,10.1.15.2,2738,13u94p
CSEM 100-G07/ Art and the Body,CSEM 100-G02/ Eataly: Food in Italian Culture,CSEM 100-G06/ Eye. Spy. The Art of Observation,CSEM 100-G04/ Why Do We Eat That?,CSEM 100-G17/ On Being Human,6/23/14 19:44,6/23/14 19:44,10.1.15.2,2739,a6tk15
CSEM 100-G15/ Politics of Popular Culture,CSEM 100-G01/ Global Peacebuilding and Leadership,CSEM 100-G03/ Citizenship and Borders,CSEM 100-G05/ Forensic Anthropology Examined,CSEM 100-G10/ The Meaning of Life in Ancient Thought,6/23/14 20:19,6/23/14 20:19,10.1.15.2,2742,f3lhim
CSEM 100-G08/ Fact or Fiction: Using Science to Tackle Popular Myths,CSEM 100-G12/ Music and Sound Technology,CSEM 100-G07/ Art and the Body,CSEM 100-G06/ Eye. Spy. The Art of Observation,CSEM 100-G17/ On Being Human,6/23/14 20:27,6/23/14 20:27,10.1.15.2,2743,9jkko7
CSEM 100-G08/ Fact or Fiction: Using Science to Tackle Popular Myths,CSEM 100-G05/ Forensic Anthropology Examined,CSEM 100-G04/ Why Do We Eat That?,CSEM 100-G09/ Science in Fiction (But NOT Science Fiction),CSEM 100-G13/ Physics for Future Presidents,6/23/14 20:39,6/23/14 20:39,10.1.15.2,2744,4vimqh
CSEM 100-G12/ Music and Sound Technology,CSEM 100-G14/ American Inequality,CSEM 100-G17/ On Being Human,CSEM 100-G06/ Eye. Spy. The Art of Observation,CSEM 100-G03/ Citizenship and Borders,6/23/14 21:02,6/23/14 21:02,10.1.15.2,2745,5ay4ap
CSEM 100-G08/ Fact or Fiction: Using Science to Tackle Popular Myths,CSEM 100-G15/ Politics of Popular Culture,CSEM 100-G05/ Forensic Anthropology Examined,CSEM 100-G16/ Hashtagging the Revolution: Social Media and Political Participation in the Digital Age,CSEM 100-G02/ Eataly: Food in Italian Culture,6/23/14 21:25,6/23/14 21:25,10.1.15.2,2747,yj9e6f
CSEM 100-G08/ Fact or Fiction: Using Science to Tackle Popular Myths,CSEM 100-G04/ Why Do We Eat That?,CSEM 100-G10/ The Meaning of Life in Ancient Thought,CSEM 100-G09/ Science in Fiction (But NOT Science Fiction),CSEM 100-G06/ Eye. Spy. The Art of Observation,6/23/14 21:26,6/23/14 21:26,10.1.15.2,2748,i5sibm
CSEM 100-G17/ On Being Human,CSEM 100-G12/ Music and Sound Technology,CSEM 100-G08/ Fact or Fiction: Using Science to Tackle Popular Myths,CSEM 100-G07/ Art and the Body,CSEM 100-G15/ Politics of Popular Culture,6/24/14 0:46,6/24/14 0:46,10.1.15.2,2751,9aq64d
CSEM 100-G17/ On Being Human,CSEM 100-G10/ The Meaning of Life in Ancient Thought,CSEM 100-G08/ Fact or Fiction: Using Science to Tackle Popular Myths,CSEM 100-G02/ Eataly: Food in Italian Culture,CSEM 100-G12/ Music and Sound Technology,6/24/14 2:21,6/24/14 2:21,10.1.15.2,2753,6bdk87
CSEM 100-G17/ On Being Human,CSEM 100-G01/ Global Peacebuilding and Leadership,CSEM 100-G15/ Politics of Popular Culture,CSEM 100-G14/ American Inequality,CSEM 100-G16/ Hashtagging the Revolution: Social Media and Political Participation in the Digital Age,6/24/14 2:40,6/24/14 2:40,10.1.15.2,2755,chm7ia
CSEM 100-G08/ Fact or Fiction: Using Science to Tackle Popular Myths,CSEM 100-G05/ Forensic Anthropology Examined,CSEM 100-G09/ Science in Fiction (But NOT Science Fiction),CSEM 100-G14/ American Inequality,CSEM 100-G11/ Mathematics: The Language of the Universe,6/24/14 2:43,6/24/14 2:43,10.1.15.2,2756,rdfds5
CSEM 100-G12/ Music and Sound Technology,CSEM 100-G12/ Music and Sound Technology,CSEM 100-G06/ Eye. Spy. The Art of Observation,CSEM 100-G04/ Why Do We Eat That?,CSEM 100-G08/ Fact or Fiction: Using Science to Tackle Popular Myths,6/24/14 3:27,6/24/14 3:27,10.1.15.2,2758,7erpb2
CSEM 100-G17/ On Being Human,CSEM 100-G10/ The Meaning of Life in Ancient Thought,CSEM 100-G06/ Eye. Spy. The Art of Observation,CSEM 100-G13/ Physics for Future Presidents,CSEM 100-G01/ Global Peacebuilding and Leadership,6/24/14 4:00,6/24/14 4:00,10.1.15.2,2759,ssf4fy
CSEM 100-G05/ Forensic Anthropology Examined,CSEM 100-G06/ Eye. Spy. The Art of Observation,CSEM 100-G17/ On Being Human,CSEM 100-G10/ The Meaning of Life in Ancient Thought,CSEM 100-G08/ Fact or Fiction: Using Science to Tackle Popular Myths,6/24/14 5:39,6/24/14 5:39,10.1.15.2,2762,77oa4f
CSEM 100-G17/ On Being Human,CSEM 100-G10/ The Meaning of Life in Ancient Thought,CSEM 100-G14/ American Inequality,CSEM 100-G01/ Global Peacebuilding and Leadership,CSEM 100-G04/ Why Do We Eat That?,6/24/14 13:41,6/24/14 13:41,10.1.15.2,2763,hih66p
CSEM 100-G05/ Forensic Anthropology Examined,CSEM 100-G10/ The Meaning of Life in Ancient Thought,CSEM 100-G12/ Music and Sound Technology,CSEM 100-G15/ Politics of Popular Culture,CSEM 100-G17/ On Being Human,6/24/14 15:48,6/24/14 15:48,10.1.15.2,2765,aufvv3
CSEM 100-G17/ On Being Human,CSEM 100-G10/ The Meaning of Life in Ancient Thought,CSEM 100-G19/ Community Service,CSEM 100-G20/ Community Service,CSEM 100-G08/ Fact or Fiction: Using Science to Tackle Popular Myths,6/24/14 17:03,6/24/14 17:03,10.1.15.2,2766,o7tpyh
CSEM 100-G16/ Hashtagging the Revolution: Social Media and Political Participation in the Digital Age,CSEM 100-G12/ Music and Sound Technology,CSEM 100-G04/ Why Do We Eat That?,CSEM 100-G17/ On Being Human,CSEM 100-G06/ Eye. Spy. The Art of Observation,6/24/14 17:35,6/24/14 17:35,10.1.15.2,2768,dzl0jt
CSEM 100-G06/ Eye. Spy. The Art of Observation,CSEM 100-G10/ The Meaning of Life in Ancient Thought,CSEM 100-G08/ Fact or Fiction: Using Science to Tackle Popular Myths,CSEM 100-G16/ Hashtagging the Revolution: Social Media and Political Participation in the Digital Age,CSEM 100-G12/ Music and Sound Technology,6/24/14 17:57,6/24/14 17:57,10.1.15.2,2769,k1y4l7
CSEM 100-G12/ Music and Sound Technology,CSEM 100-G08/ Fact or Fiction: Using Science to Tackle Popular Myths,CSEM 100-G05/ Forensic Anthropology Examined,CSEM 100-G09/ Science in Fiction (But NOT Science Fiction),CSEM 100-G06/ Eye. Spy. The Art of Observation,6/24/14 20:29,6/24/14 20:29,10.1.15.2,2773,5akt4d
CSEM 100-G17/ On Being Human,CSEM 100-G10/ The Meaning of Life in Ancient Thought,CSEM 100-G02/ Eataly: Food in Italian Culture,CSEM 100-G07/ Art and the Body,CSEM 100-G06/ Eye. Spy. The Art of Observation,6/24/14 21:34,6/24/14 21:34,10.1.15.2,2774,9n2dtl
CSEM 100-G14/ American Inequality,CSEM 100-G02/ Eataly: Food in Italian Culture,CSEM 100-G10/ The Meaning of Life in Ancient Thought,CSEM 100-G19/ Community Service,CSEM 100-G18/ Community Service,6/24/14 21:38,6/24/14 21:38,10.1.15.2,2775,mcjicg
CSEM 100-G17/ On Being Human,CSEM 100-G05/ Forensic Anthropology Examined,CSEM 100-G10/ The Meaning of Life in Ancient Thought,CSEM 100-G08/ Fact or Fiction: Using Science to Tackle Popular Myths,CSEM 100-G07/ Art and the Body,6/24/14 21:49,6/24/14 21:49,10.1.15.2,2776,3bxtyv
CSEM 100-G17/ On Being Human,CSEM 100-G10/ The Meaning of Life in Ancient Thought,CSEM 100-G06/ Eye. Spy. The Art of Observation,CSEM 100-G08/ Fact or Fiction: Using Science to Tackle Popular Myths,CSEM 100-G16/ Hashtagging the Revolution: Social Media and Political Participation in the Digital Age,6/24/14 22:52,6/24/14 22:52,10.1.15.2,2777,15ri3p
CSEM 100-G12/ Music and Sound Technology,CSEM 100-G08/ Fact or Fiction: Using Science to Tackle Popular Myths,CSEM 100-G01/ Global Peacebuilding and Leadership,CSEM 100-G06/ Eye. Spy. The Art of Observation,CSEM 100-G15/ Politics of Popular Culture,6/24/14 23:09,6/24/14 23:09,10.1.15.2,2778,danv0s
CSEM 100-G05/ Forensic Anthropology Examined,CSEM 100-G17/ On Being Human,CSEM 100-G03/ Citizenship and Borders,CSEM 100-G10/ The Meaning of Life in Ancient Thought,CSEM 100-G01/ Global Peacebuilding and Leadership,6/24/14 23:41,6/24/14 23:41,10.1.15.2,2779,82nglg
CSEM 100-G12/ Music and Sound Technology,CSEM 100-G14/ American Inequality,CSEM 100-G01/ Global Peacebuilding and Leadership,CSEM 100-G15/ Politics of Popular Culture,CSEM 100-G17/ On Being Human,6/25/14 0:04,6/25/14 0:04,10.1.15.2,2780,hxg4q6
CSEM 100-G08/ Fact or Fiction: Using Science to Tackle Popular Myths,CSEM 100-G15/ Politics of Popular Culture,CSEM 100-G14/ American Inequality,CSEM 100-G01/ Global Peacebuilding and Leadership,CSEM 100-G16/ Hashtagging the Revolution: Social Media and Political Participation in the Digital Age,6/25/14 0:48,6/25/14 0:48,10.1.15.2,2781,833d70
CSEM 100-G06/ Eye. Spy. The Art of Observation,CSEM 100-G07/ Art and the Body,CSEM 100-G12/ Music and Sound Technology,CSEM 100-G16/ Hashtagging the Revolution: Social Media and Political Participation in the Digital Age,CSEM 100-G01/ Global Peacebuilding and Leadership,6/25/14 1:04,6/25/14 1:04,10.1.15.2,2782,33btix
CSEM 100-G04/ Why Do We Eat That?,CSEM 100-G10/ The Meaning of Life in Ancient Thought,CSEM 100-G09/ Science in Fiction (But NOT Science Fiction),CSEM 100-G11/ Mathematics: The Language of the Universe,CSEM 100-G14/ American Inequality,6/25/14 1:36,6/25/14 1:36,10.1.15.2,2784,lzvmb
CSEM 100-G15/ Politics of Popular Culture,CSEM 100-G14/ American Inequality,CSEM 100-G04/ Why Do We Eat That?,CSEM 100-G01/ Global Peacebuilding and Leadership,CSEM 100-G01/ Global Peacebuilding and Leadership,6/25/14 3:31,6/25/14 3:31,10.1.15.2,2785,qz4xd5
CSEM 100-G05/ Forensic Anthropology Examined,CSEM 100-G08/ Fact or Fiction: Using Science to Tackle Popular Myths,CSEM 100-G11/ Mathematics: The Language of the Universe,CSEM 100-G19/ Community Service,CSEM 100-G07/ Art and the Body,6/25/14 3:40,6/25/14 3:40,10.1.15.2,2786,jvlqrr
CSEM 100-G14/ American Inequality,CSEM 100-G15/ Politics of Popular Culture,CSEM 100-G04/ Why Do We Eat That?,CSEM 100-G07/ Art and the Body,CSEM 100-G02/ Eataly: Food in Italian Culture,6/25/14 13:21,6/25/14 13:21,10.1.15.2,2790,2q3o0z
CSEM 100-G17/ On Being Human,CSEM 100-G07/ Art and the Body,CSEM 100-G05/ Forensic Anthropology Examined,CSEM 100-G06/ Eye. Spy. The Art of Observation,CSEM 100-G10/ The Meaning of Life in Ancient Thought,6/25/14 14:13,6/25/14 14:13,10.1.15.2,2791,gbrxqx
CSEM 100-G15/ Politics of Popular Culture,CSEM 100-G08/ Fact or Fiction: Using Science to Tackle Popular Myths,CSEM 100-G12/ Music and Sound Technology,CSEM 100-G04/ Why Do We Eat That?,CSEM 100-G14/ American Inequality,6/25/14 14:34,6/25/14 14:34,10.1.15.2,2792,8lp5rj
CSEM 100-G17/ On Being Human,CSEM 100-G02/ Eataly: Food in Italian Culture,CSEM 100-G04/ Why Do We Eat That?,CSEM 100-G06/ Eye. Spy. The Art of Observation,CSEM 100-G10/ The Meaning of Life in Ancient Thought,6/25/14 14:43,6/25/14 14:43,10.1.15.2,2793,fprhw2
CSEM 100-G06/ Eye. Spy. The Art of Observation,CSEM 100-G04/ Why Do We Eat That?,CSEM 100-G10/ The Meaning of Life in Ancient Thought,CSEM 100-G16/ Hashtagging the Revolution: Social Media and Political Participation in the Digital Age,CSEM 100-G07/ Art and the Body,6/25/14 16:38,6/25/14 16:38,10.1.15.2,2794,7wev2d
CSEM 100-G17/ On Being Human,CSEM 100-G15/ Politics of Popular Culture,CSEM 100-G08/ Fact or Fiction: Using Science to Tackle Popular Myths,CSEM 100-G10/ The Meaning of Life in Ancient Thought,CSEM 100-G06/ Eye. Spy. The Art of Observation,6/25/14 17:39,6/25/14 17:39,10.1.15.2,2795,xxvweo
CSEM 100-G12/ Music and Sound Technology,CSEM 100-G16/ Hashtagging the Revolution: Social Media and Political Participation in the Digital Age,CSEM 100-G02/ Eataly: Food in Italian Culture,CSEM 100-G10/ The Meaning of Life in Ancient Thought,CSEM 100-G04/ Why Do We Eat That?,6/25/14 17:39,6/25/14 17:39,10.1.15.2,2796,2cteke
CSEM 100-G12/ Music and Sound Technology,CSEM 100-G08/ Fact or Fiction: Using Science to Tackle Popular Myths,CSEM 100-G09/ Science in Fiction (But NOT Science Fiction),CSEM 100-G11/ Mathematics: The Language of the Universe,CSEM 100-G17/ On Being Human,6/25/14 17:45,6/25/14 17:45,10.1.15.2,2797,sbeg0x
CSEM 100-G16/ Hashtagging the Revolution: Social Media and Political Participation in the Digital Age,CSEM 100-G17/ On Being Human,CSEM 100-G05/ Forensic Anthropology Examined,CSEM 100-G14/ American Inequality,CSEM 100-G08/ Fact or Fiction: Using Science to Tackle Popular Myths,6/25/14 17:49,6/25/14 17:49,10.1.15.2,2798,dkbq2u
CSEM 100-G08/ Fact or Fiction: Using Science to Tackle Popular Myths,CSEM 100-G09/ Science in Fiction (But NOT Science Fiction),CSEM 100-G05/ Forensic Anthropology Examined,CSEM 100-G12/ Music and Sound Technology,CSEM 100-G15/ Politics of Popular Culture,6/25/14 18:35,6/25/14 18:35,10.1.15.2,2799,u0q8yy
CSEM 100-G20/ Community Service,CSEM 100-G02/ Eataly: Food in Italian Culture,CSEM 100-G04/ Why Do We Eat That?,CSEM 100-G18/ Community Service,CSEM 100-G05/ Forensic Anthropology Examined,6/25/14 21:06,6/25/14 21:06,10.1.15.2,2802,n0q1mn
CSEM 100-G08/ Fact or Fiction: Using Science to Tackle Popular Myths,CSEM 100-G16/ Hashtagging the Revolution: Social Media and Political Participation in the Digital Age,CSEM 100-G09/ Science in Fiction (But NOT Science Fiction),CSEM 100-G05/ Forensic Anthropology Examined,CSEM 100-G14/ American Inequality,6/25/14 22:08,6/25/14 22:08,10.1.15.2,2803,qw7avg
CSEM 100-G04/ Why Do We Eat That?,CSEM 100-G06/ Eye. Spy. The Art of Observation,CSEM 100-G08/ Fact or Fiction: Using Science to Tackle Popular Myths,CSEM 100-G14/ American Inequality,CSEM 100-G10/ The Meaning of Life in Ancient Thought,6/25/14 22:59,6/25/14 22:59,10.1.15.2,2804,eliy8m
CSEM 100-G08/ Fact or Fiction: Using Science to Tackle Popular Myths,CSEM 100-G12/ Music and Sound Technology,CSEM 100-G10/ The Meaning of Life in Ancient Thought,CSEM 100-G14/ American Inequality,CSEM 100-G16/ Hashtagging the Revolution: Social Media and Political Participation in the Digital Age,6/25/14 23:20,6/25/14 23:20,10.1.15.2,2805,8oy55h
CSEM 100-G17/ On Being Human,CSEM 100-G06/ Eye. Spy. The Art of Observation,CSEM 100-G16/ Hashtagging the Revolution: Social Media and Political Participation in the Digital Age,CSEM 100-G16/ Hashtagging the Revolution: Social Media and Political Participation in the Digital Age,CSEM 100-G12/ Music and Sound Technology,6/26/14 13:54,6/26/14 13:54,10.1.15.2,2806,tqwuzc
CSEM 100-G11/ Mathematics: The Language of the Universe,CSEM 100-G15/ Politics of Popular Culture,CSEM 100-G14/ American Inequality,CSEM 100-G08/ Fact or Fiction: Using Science to Tackle Popular Myths,CSEM 100-G06/ Eye. Spy. The Art of Observation,6/26/14 18:23,6/26/14 18:23,10.1.15.2,2809,ow7he0
CSEM 100-G05/ Forensic Anthropology Examined,CSEM 100-G06/ Eye. Spy. The Art of Observation,CSEM 100-G04/ Why Do We Eat That?,CSEM 100-G08/ Fact or Fiction: Using Science to Tackle Popular Myths,CSEM 100-G12/ Music and Sound Technology,6/26/14 18:31,6/26/14 18:31,10.1.15.2,2810,sibmob
CSEM 100-G12/ Music and Sound Technology,CSEM 100-G02/ Eataly: Food in Italian Culture,CSEM 100-G04/ Why Do We Eat That?,CSEM 100-G17/ On Being Human,CSEM 100-G15/ Politics of Popular Culture,6/26/14 21:25,6/26/14 21:25,10.1.15.2,2811,az5nqm
CSEM 100-G11/ Mathematics: The Language of the Universe,CSEM 100-G13/ Physics for Future Presidents,CSEM 100-G12/ Music and Sound Technology,CSEM 100-G10/ The Meaning of Life in Ancient Thought,CSEM 100-G17/ On Being Human,6/27/14 3:03,6/27/14 3:03,10.1.15.2,2814,4osasi
CSEM 100-G12/ Music and Sound Technology,CSEM 100-G02/ Eataly: Food in Italian Culture,CSEM 100-G05/ Forensic Anthropology Examined,CSEM 100-G16/ Hashtagging the Revolution: Social Media and Political Participation in the Digital Age,CSEM 100-G06/ Eye. Spy. The Art of Observation,6/27/14 16:33,6/27/14 16:33,10.1.15.2,2815,h7i1x3
CSEM 100-G17/ On Being Human,CSEM 100-G07/ Art and the Body,CSEM 100-G04/ Why Do We Eat That?,CSEM 100-G10/ The Meaning of Life in Ancient Thought,CSEM 100-G16/ Hashtagging the Revolution: Social Media and Political Participation in the Digital Age,6/27/14 18:49,6/27/14 18:49,10.1.15.2,2816,2vdrta
CSEM 100-G04/ Why Do We Eat That?,CSEM 100-G02/ Eataly: Food in Italian Culture,CSEM 100-G10/ The Meaning of Life in Ancient Thought,CSEM 100-G07/ Art and the Body,CSEM 100-G01/ Global Peacebuilding and Leadership,6/28/14 1:13,6/28/14 1:13,10.1.15.2,2818,5hy9uw
CSEM 100-G05/ Forensic Anthropology Examined,CSEM 100-G04/ Why Do We Eat That?,CSEM 100-G15/ Politics of Popular Culture,CSEM 100-G10/ The Meaning of Life in Ancient Thought,CSEM 100-G12/ Music and Sound Technology,6/28/14 14:40,6/28/14 14:40,10.1.15.2,2819,1y73ql
CSEM 100-G10/ The Meaning of Life in Ancient Thought,CSEM 100-G02/ Eataly: Food in Italian Culture,CSEM 100-G06/ Eye. Spy. The Art of Observation,CSEM 100-G17/ On Being Human,CSEM 100-G09/ Science in Fiction (But NOT Science Fiction),6/28/14 16:04,6/28/14 16:04,10.1.15.2,2820,kwycaz
CSEM 100-G16/ Hashtagging the Revolution: Social Media and Political Participation in the Digital Age,CSEM 100-G08/ Fact or Fiction: Using Science to Tackle Popular Myths,CSEM 100-G05/ Forensic Anthropology Examined,CSEM 100-G12/ Music and Sound Technology,CSEM 100-G14/ American Inequality,6/28/14 17:23,6/28/14 17:23,10.1.15.2,2821,nc1vhr
CSEM 100-G10/ The Meaning of Life in Ancient Thought,CSEM 100-G05/ Forensic Anthropology Examined,CSEM 100-G08/ Fact or Fiction: Using Science to Tackle Popular Myths,CSEM 100-G17/ On Being Human,CSEM 100-G04/ Why Do We Eat That?,6/28/14 17:38,6/28/14 17:38,10.1.15.2,2822,25t5q1
CSEM 100-G12/ Music and Sound Technology,CSEM 100-G07/ Art and the Body,CSEM 100-G10/ The Meaning of Life in Ancient Thought,CSEM 100-G17/ On Being Human,CSEM 100-G04/ Why Do We Eat That?,6/28/14 21:20,6/28/14 21:20,10.1.15.2,2826,acyave
CSEM 100-G04/ Why Do We Eat That?,CSEM 100-G02/ Eataly: Food in Italian Culture,CSEM 100-G18/ Community Service,CSEM 100-G17/ On Being Human,CSEM 100-G06/ Eye. Spy. The Art of Observation,6/29/14 12:40,6/29/14 12:40,10.1.15.2,2828,glwnr9
CSEM 100-G12/ Music and Sound Technology,CSEM 100-G14/ American Inequality,CSEM 100-G17/ On Being Human,CSEM 100-G06/ Eye. Spy. The Art of Observation,CSEM 100-G16/ Hashtagging the Revolution: Social Media and Political Participation in the Digital Age,6/29/14 12:43,6/29/14 12:43,10.1.15.2,2829,jv557r
CSEM 100-G08/ Fact or Fiction: Using Science to Tackle Popular Myths,CSEM 100-G11/ Mathematics: The Language of the Universe,CSEM 100-G09/ Science in Fiction (But NOT Science Fiction),CSEM 100-G10/ The Meaning of Life in Ancient Thought,CSEM 100-G02/ Eataly: Food in Italian Culture,6/29/14 14:06,6/29/14 14:06,10.1.15.2,2830,ddc2mp
CSEM 100-G17/ On Being Human,CSEM 100-G08/ Fact or Fiction: Using Science to Tackle Popular Myths,CSEM 100-G14/ American Inequality,CSEM 100-G04/ Why Do We Eat That?,CSEM 100-G05/ Forensic Anthropology Examined,6/29/14 23:46,6/29/14 23:46,10.1.15.2,2832,dnclo3
CSEM 100-G05/ Forensic Anthropology Examined,CSEM 100-G10/ The Meaning of Life in Ancient Thought,CSEM 100-G17/ On Being Human,CSEM 100-G06/ Eye. Spy. The Art of Observation,CSEM 100-G07/ Art and the Body,6/30/14 4:43,6/30/14 4:43,10.1.15.2,2833,cxugig
CSEM 100-G17/ On Being Human,CSEM 100-G10/ The Meaning of Life in Ancient Thought,CSEM 100-G15/ Politics of Popular Culture,CSEM 100-G06/ Eye. Spy. The Art of Observation,CSEM 100-G20/ Community Service,6/30/14 17:19,6/30/14 17:19,10.1.15.2,2835,vlyrx6
CSEM 100-G07/ Art and the Body,CSEM 100-G16/ Hashtagging the Revolution: Social Media and Political Participation in the Digital Age,CSEM 100-G02/ Eataly: Food in Italian Culture,CSEM 100-G09/ Science in Fiction (But NOT Science Fiction),CSEM 100-G12/ Music and Sound Technology,6/30/14 18:19,6/30/14 18:19,10.1.15.2,2836,1b015n
CSEM 100-G04/ Why Do We Eat That?,CSEM 100-G11/ Mathematics: The Language of the Universe,CSEM 100-G13/ Physics for Future Presidents,CSEM 100-G10/ The Meaning of Life in Ancient Thought,CSEM 100-G10/ The Meaning of Life in Ancient Thought,6/30/14 18:32,6/30/14 18:32,10.1.15.2,2837,c6o977
CSEM 100-G12/ Music and Sound Technology,CSEM 100-G04/ Why Do We Eat That?,CSEM 100-G15/ Politics of Popular Culture,CSEM 100-G02/ Eataly: Food in Italian Culture,CSEM 100-G16/ Hashtagging the Revolution: Social Media and Political Participation in the Digital Age,6/30/14 18:49,6/30/14 18:49,10.1.15.2,2838,u5z740
CSEM 100-G17/ On Being Human,CSEM 100-G08/ Fact or Fiction: Using Science to Tackle Popular Myths,CSEM 100-G07/ Art and the Body,CSEM 100-G06/ Eye. Spy. The Art of Observation,CSEM 100-G16/ Hashtagging the Revolution: Social Media and Political Participation in the Digital Age,6/30/14 19:03,6/30/14 19:03,10.1.15.2,2839,8gc0uv
CSEM 100-G17/ On Being Human,CSEM 100-G04/ Why Do We Eat That?,CSEM 100-G12/ Music and Sound Technology,CSEM 100-G05/ Forensic Anthropology Examined,CSEM 100-G10/ The Meaning of Life in Ancient Thought,6/30/14 19:09,6/30/14 19:09,10.1.15.2,2841,txzd6k
CSEM 100-G17/ On Being Human,CSEM 100-G05/ Forensic Anthropology Examined,CSEM 100-G12/ Music and Sound Technology,CSEM 100-G08/ Fact or Fiction: Using Science to Tackle Popular Myths,CSEM 100-G04/ Why Do We Eat That?,6/30/14 19:42,6/30/14 19:42,10.1.15.2,2842,hblpew
CSEM 100-G08/ Fact or Fiction: Using Science to Tackle Popular Myths,CSEM 100-G04/ Why Do We Eat That?,CSEM 100-G10/ The Meaning of Life in Ancient Thought,CSEM 100-G05/ Forensic Anthropology Examined,CSEM 100-G09/ Science in Fiction (But NOT Science Fiction),6/30/14 19:44,6/30/14 19:44,10.1.15.2,2843,srvgvx
CSEM 100-G06/ Eye. Spy. The Art of Observation,CSEM 100-G15/ Politics of Popular Culture,CSEM 100-G16/ Hashtagging the Revolution: Social Media and Political Participation in the Digital Age,CSEM 100-G14/ American Inequality,CSEM 100-G04/ Why Do We Eat That?,6/30/14 19:47,6/30/14 19:47,10.1.15.2,2844,s1oc6h
CSEM 100-G16/ Hashtagging the Revolution: Social Media and Political Participation in the Digital Age,CSEM 100-G18/ Community Service,CSEM 100-G19/ Community Service,CSEM 100-G02/ Eataly: Food in Italian Culture,CSEM 100-G03/ Citizenship and Borders,6/30/14 20:42,6/30/14 20:42,10.1.15.2,2846,yim9ep
CSEM 100-G04/ Why Do We Eat That?,CSEM 100-G08/ Fact or Fiction: Using Science to Tackle Popular Myths,CSEM 100-G06/ Eye. Spy. The Art of Observation,CSEM 100-G09/ Science in Fiction (But NOT Science Fiction),CSEM 100-G10/ The Meaning of Life in Ancient Thought,6/30/14 21:25,6/30/14 21:25,10.1.15.2,2847,ukg5ce
CSEM 100-G17/ On Being Human,CSEM 100-G06/ Eye. Spy. The Art of Observation,CSEM 100-G10/ The Meaning of Life in Ancient Thought,CSEM 100-G07/ Art and the Body,CSEM 100-G14/ American Inequality,6/30/14 23:16,6/30/14 23:16,10.1.15.2,2848,s0xe70
CSEM 100-G16/ Hashtagging the Revolution: Social Media and Political Participation in the Digital Age,CSEM 100-G02/ Eataly: Food in Italian Culture,CSEM 100-G12/ Music and Sound Technology,CSEM 100-G01/ Global Peacebuilding and Leadership,CSEM 100-G17/ On Being Human,7/1/14 0:11,7/1/14 0:11,10.1.15.2,2849,cl2kf
CSEM 100-G08/ Fact or Fiction: Using Science to Tackle Popular Myths,CSEM 100-G11/ Mathematics: The Language of the Universe,CSEM 100-G14/ American Inequality,CSEM 100-G04/ Why Do We Eat That?,CSEM 100-G03/ Citizenship and Borders,7/1/14 14:01,7/1/14 14:01,10.1.15.2,2855,z0mx44
CSEM 100-G08/ Fact or Fiction: Using Science to Tackle Popular Myths,CSEM 100-G10/ The Meaning of Life in Ancient Thought,CSEM 100-G05/ Forensic Anthropology Examined,CSEM 100-G15/ Politics of Popular Culture,CSEM 100-G03/ Citizenship and Borders,7/1/14 14:21,7/1/14 14:21,10.1.15.2,2856,kp3j0j
CSEM 100-G06/ Eye. Spy. The Art of Observation,CSEM 100-G10/ The Meaning of Life in Ancient Thought,CSEM 100-G08/ Fact or Fiction: Using Science to Tackle Popular Myths,CSEM 100-G15/ Politics of Popular Culture,CSEM 100-G12/ Music and Sound Technology,7/1/14 18:22,7/1/14 18:22,10.1.15.2,2858,6zezyw
CSEM 100-G12/ Music and Sound Technology,CSEM 100-G08/ Fact or Fiction: Using Science to Tackle Popular Myths,CSEM 100-G05/ Forensic Anthropology Examined,CSEM 100-G06/ Eye. Spy. The Art of Observation,CSEM 100-G01/ Global Peacebuilding and Leadership,7/1/14 18:43,7/1/14 18:43,10.1.15.2,2859,kdr5ye
CSEM 100-G08/ Fact or Fiction: Using Science to Tackle Popular Myths,CSEM 100-G07/ Art and the Body,CSEM 100-G05/ Forensic Anthropology Examined,CSEM 100-G10/ The Meaning of Life in Ancient Thought,CSEM 100-G04/ Why Do We Eat That?,7/1/14 22:34,7/1/14 22:34,10.1.15.2,2860,hy1qw1
CSEM 100-G07/ Art and the Body,CSEM 100-G12/ Music and Sound Technology,CSEM 100-G17/ On Being Human,CSEM 100-G06/ Eye. Spy. The Art of Observation,CSEM 100-G01/ Global Peacebuilding and Leadership,7/2/14 0:40,7/2/14 0:40,10.1.15.2,2861,61wu73
CSEM 100-G15/ Politics of Popular Culture,CSEM 100-G17/ On Being Human,CSEM 100-G14/ American Inequality,CSEM 100-G08/ Fact or Fiction: Using Science to Tackle Popular Myths,CSEM 100-G05/ Forensic Anthropology Examined,7/2/14 1:29,7/2/14 1:29,10.1.15.2,2863,csop71
CSEM 100-G08/ Fact or Fiction: Using Science to Tackle Popular Myths,CSEM 100-G04/ Why Do We Eat That?,CSEM 100-G14/ American Inequality,CSEM 100-G17/ On Being Human,CSEM 100-G18/ Community Service,7/2/14 13:06,7/2/14 13:06,10.1.15.2,2865,c92inn
CSEM 100-G17/ On Being Human,CSEM 100-G05/ Forensic Anthropology Examined,CSEM 100-G06/ Eye. Spy. The Art of Observation,CSEM 100-G04/ Why Do We Eat That?,CSEM 100-G02/ Eataly: Food in Italian Culture,7/2/14 14:22,7/2/14 14:22,10.1.15.2,2867,4ceots
CSEM 100-G17/ On Being Human,CSEM 100-G06/ Eye. Spy. The Art of Observation,CSEM 100-G05/ Forensic Anthropology Examined,CSEM 100-G10/ The Meaning of Life in Ancient Thought,CSEM 100-G04/ Why Do We Eat That?,7/2/14 17:16,7/2/14 17:16,10.1.15.2,2868,ieeg5c
CSEM 100-G08/ Fact or Fiction: Using Science to Tackle Popular Myths,CSEM 100-G05/ Forensic Anthropology Examined,CSEM 100-G11/ Mathematics: The Language of the Universe,CSEM 100-G09/ Science in Fiction (But NOT Science Fiction),CSEM 100-G10/ The Meaning of Life in Ancient Thought,7/2/14 19:46,7/2/14 19:46,10.1.15.2,2869,b7ydyj
CSEM 100-G06/ Eye. Spy. The Art of Observation,CSEM 100-G07/ Art and the Body,CSEM 100-G08/ Fact or Fiction: Using Science to Tackle Popular Myths,CSEM 100-G02/ Eataly: Food in Italian Culture,CSEM 100-G10/ The Meaning of Life in Ancient Thought,7/2/14 19:57,7/2/14 19:57,10.1.15.2,2871,dcovw
CSEM 100-G17/ On Being Human,CSEM 100-G06/ Eye. Spy. The Art of Observation,CSEM 100-G12/ Music and Sound Technology,CSEM 100-G08/ Fact or Fiction: Using Science to Tackle Popular Myths,CSEM 100-G05/ Forensic Anthropology Examined,7/2/14 22:04,7/2/14 22:04,10.1.15.2,2873,f2jwnh
CSEM 100-G15/ Politics of Popular Culture,CSEM 100-G14/ American Inequality,CSEM 100-G03/ Citizenship and Borders,CSEM 100-G08/ Fact or Fiction: Using Science to Tackle Popular Myths,CSEM 100-G01/ Global Peacebuilding and Leadership,7/2/14 22:45,7/2/14 22:45,10.1.15.2,2875,g24i54
CSEM 100-G15/ Politics of Popular Culture,CSEM 100-G05/ Forensic Anthropology Examined,CSEM 100-G12/ Music and Sound Technology,CSEM 100-G10/ The Meaning of Life in Ancient Thought,CSEM 100-G02/ Eataly: Food in Italian Culture,7/2/14 23:21,7/2/14 23:21,10.1.15.2,2876,anpepg
CSEM 100-G17/ On Being Human,CSEM 100-G07/ Art and the Body,CSEM 100-G05/ Forensic Anthropology Examined,CSEM 100-G03/ Citizenship and Borders,CSEM 100-G14/ American Inequality,7/2/14 23:46,7/2/14 23:46,10.1.15.2,2878,j9s0qy
CSEM 100-G17/ On Being Human,CSEM 100-G06/ Eye. Spy. The Art of Observation,CSEM 100-G04/ Why Do We Eat That?,CSEM 100-G07/ Art and the Body,CSEM 100-G09/ Science in Fiction (But NOT Science Fiction),7/3/14 0:50,7/3/14 0:50,10.1.15.2,2879,vub9ri
CSEM 100-G15/ Politics of Popular Culture,CSEM 100-G05/ Forensic Anthropology Examined,CSEM 100-G14/ American Inequality,CSEM 100-G10/ The Meaning of Life in Ancient Thought,CSEM 100-G17/ On Being Human,7/3/14 2:56,7/3/14 2:56,10.1.15.2,2880,hgluox
CSEM 100-G06/ Eye. Spy. The Art of Observation,CSEM 100-G01/ Global Peacebuilding and Leadership,CSEM 100-G15/ Politics of Popular Culture,CSEM 100-G09/ Science in Fiction (But NOT Science Fiction),CSEM 100-G05/ Forensic Anthropology Examined,7/3/14 3:54,7/3/14 3:54,10.1.15.2,2881,9n5roo
CSEM 100-G08/ Fact or Fiction: Using Science to Tackle Popular Myths,CSEM 100-G17/ On Being Human,CSEM 100-G10/ The Meaning of Life in Ancient Thought,CSEM 100-G18/ Community Service,CSEM 100-G19/ Community Service,7/3/14 14:50,7/3/14 14:50,10.1.15.2,2883,xgzygo
CSEM 100-G17/ On Being Human,CSEM 100-G06/ Eye. Spy. The Art of Observation,CSEM 100-G14/ American Inequality,CSEM 100-G15/ Politics of Popular Culture,CSEM 100-G12/ Music and Sound Technology,7/3/14 17:24,7/3/14 17:24,10.1.15.2,2884,5jjkul
CSEM 100-G06/ Eye. Spy. The Art of Observation,CSEM 100-G07/ Art and the Body,CSEM 100-G17/ On Being Human,CSEM 100-G10/ The Meaning of Life in Ancient Thought,CSEM 100-G17/ On Being Human,7/3/14 18:08,7/3/14 18:08,10.1.15.2,2885,vxtafs
CSEM 100-G15/ Politics of Popular Culture,CSEM 100-G14/ American Inequality,CSEM 100-G03/ Citizenship and Borders,CSEM 100-G01/ Global Peacebuilding and Leadership,CSEM 100-G06/ Eye. Spy. The Art of Observation,7/3/14 20:21,7/3/14 20:21,10.1.15.2,2886,53l5uo
CSEM 100-G17/ On Being Human,CSEM 100-G15/ Politics of Popular Culture,CSEM 100-G05/ Forensic Anthropology Examined,CSEM 100-G06/ Eye. Spy. The Art of Observation,CSEM 100-G08/ Fact or Fiction: Using Science to Tackle Popular Myths,7/3/14 21:56,7/3/14 21:56,10.1.15.2,2887,1wefu5
CSEM 100-G08/ Fact or Fiction: Using Science to Tackle Popular Myths,CSEM 100-G07/ Art and the Body,CSEM 100-G04/ Why Do We Eat That?,CSEM 100-G15/ Politics of Popular Culture,CSEM 100-G10/ The Meaning of Life in Ancient Thought,7/4/14 15:53,7/4/14 15:53,10.1.15.2,2888,4k1l2y
CSEM 100-G06/ Eye. Spy. The Art of Observation,CSEM 100-G07/ Art and the Body,CSEM 100-G15/ Politics of Popular Culture,CSEM 100-G04/ Why Do We Eat That?,CSEM 100-G17/ On Being Human,7/6/14 18:54,7/6/14 18:54,10.1.15.2,2889,y3iocl
CSEM 100-G05/ Forensic Anthropology Examined,CSEM 100-G15/ Politics of Popular Culture,CSEM 100-G08/ Fact or Fiction: Using Science to Tackle Popular Myths,CSEM 100-G12/ Music and Sound Technology,CSEM 100-G17/ On Being Human,7/6/14 21:33,7/6/14 21:33,10.1.15.2,2890,wkk28u
CSEM 100-G05/ Forensic Anthropology Examined,CSEM 100-G17/ On Being Human,CSEM 100-G10/ The Meaning of Life in Ancient Thought,CSEM 100-G06/ Eye. Spy. The Art of Observation,CSEM 100-G07/ Art and the Body,7/6/14 21:34,7/6/14 21:34,10.1.15.2,2891,sx2jpe
CSEM 100-G08/ Fact or Fiction: Using Science to Tackle Popular Myths,CSEM 100-G01/ Global Peacebuilding and Leadership,CSEM 100-G17/ On Being Human,CSEM 100-G04/ Why Do We Eat That?,CSEM 100-G15/ Politics of Popular Culture,7/7/14 18:11,7/7/14 18:11,10.1.15.2,2892,hf7r1i
CSEM 100-G06/ Eye. Spy. The Art of Observation,CSEM 100-G12/ Music and Sound Technology,CSEM 100-G18/ Community Service,CSEM 100-G04/ Why Do We Eat That?,CSEM 100-G19/ Community Service,7/7/14 18:50,7/7/14 18:50,10.1.15.2,2893,3m5090
CSEM 100-G10/ The Meaning of Life in Ancient Thought,CSEM 100-G12/ Music and Sound Technology,CSEM 100-G05/ Forensic Anthropology Examined,CSEM 100-G15/ Politics of Popular Culture,CSEM 100-G17/ On Being Human,7/7/14 23:23,7/7/14 23:23,10.1.15.2,2894,ggq0hb
CSEM 100-G17/ On Being Human,CSEM 100-G12/ Music and Sound Technology,CSEM 100-G04/ Why Do We Eat That?,CSEM 100-G06/ Eye. Spy. The Art of Observation,CSEM 100-G10/ The Meaning of Life in Ancient Thought,7/8/14 5:38,7/8/14 5:38,10.1.15.2,2895,gapt9u
CSEM 100-G12/ Music and Sound Technology,CSEM 100-G09/ Science in Fiction (But NOT Science Fiction),CSEM 100-G02/ Eataly: Food in Italian Culture,CSEM 100-G10/ The Meaning of Life in Ancient Thought,CSEM 100-G03/ Citizenship and Borders,7/10/14 17:45,7/10/14 17:45,10.1.15.2,2903,slr4ai
CSEM 100-G04/ Why Do We Eat That?,CSEM 100-G15/ Politics of Popular Culture,CSEM 100-G10/ The Meaning of Life in Ancient Thought,CSEM 100-G01/ Global Peacebuilding and Leadership,CSEM 100-G01/ Global Peacebuilding and Leadership,7/10/14 20:30,7/10/14 20:30,10.1.15.2,2905,xsbuau
CSEM 100-G06/ Eye. Spy. The Art of Observation,CSEM 100-G15/ Politics of Popular Culture,CSEM 100-G01/ Global Peacebuilding and Leadership,CSEM 100-G04/ Why Do We Eat That?,CSEM 100-G10/ The Meaning of Life in Ancient Thought,7/10/14 21:13,7/10/14 21:13,10.1.15.2,2906,fu85ok
CSEM 100-G10/ The Meaning of Life in Ancient Thought,CSEM 100-G15/ Politics of Popular Culture,CSEM 100-G04/ Why Do We Eat That?,CSEM 100-G14/ American Inequality,CSEM 100-G17/ On Being Human,7/10/14 22:34,7/10/14 22:34,10.1.15.2,2907,tz5y7i
CSEM 100-G11/ Mathematics: The Language of the Universe,CSEM 100-G13/ Physics for Future Presidents,CSEM 100-G09/ Science in Fiction (But NOT Science Fiction),CSEM 100-G08/ Fact or Fiction: Using Science to Tackle Popular Myths,CSEM 100-G01/ Global Peacebuilding and Leadership,7/11/14 5:33,7/11/14 5:33,10.1.15.2,2910,yh14c5
CSEM 100-G10/ The Meaning of Life in Ancient Thought,CSEM 100-G07/ Art and the Body,CSEM 100-G17/ On Being Human,CSEM 100-G08/ Fact or Fiction: Using Science to Tackle Popular Myths,CSEM 100-G04/ Why Do We Eat That?,7/11/14 18:29,7/11/14 18:29,10.1.15.2,2911,wxj8ec
CSEM 100-G04/ Why Do We Eat That?,CSEM 100-G01/ Global Peacebuilding and Leadership,CSEM 100-G17/ On Being Human,CSEM 100-G07/ Art and the Body,CSEM 100-G10/ The Meaning of Life in Ancient Thought,7/12/14 3:54,7/12/14 3:54,10.1.15.2,2913,225xgp
CSEM 100-G06/ Eye. Spy. The Art of Observation,CSEM 100-G07/ Art and the Body,CSEM 100-G10/ The Meaning of Life in Ancient Thought,CSEM 100-G17/ On Being Human,CSEM 100-G02/ Eataly: Food in Italian Culture,7/12/14 8:59,7/12/14 8:59,10.1.15.2,2914,9x882s
CSEM 100-G11/ Mathematics: The Language of the Universe,CSEM 100-G09/ Science in Fiction (But NOT Science Fiction),CSEM 100-G08/ Fact or Fiction: Using Science to Tackle Popular Myths,CSEM 100-G13/ Physics for Future Presidents,CSEM 100-G14/ American Inequality,7/13/14 3:21,7/13/14 3:21,10.1.15.2,2915,ui869i
CSEM 100-G10/ The Meaning of Life in Ancient Thought,CSEM 100-G14/ American Inequality,CSEM 100-G17/ On Being Human,CSEM 100-G01/ Global Peacebuilding and Leadership,CSEM 100-G07/ Art and the Body,7/13/14 15:32,7/13/14 15:32,10.1.15.2,2916,b89pm2
CSEM 100-G15/ Politics of Popular Culture,CSEM 100-G05/ Forensic Anthropology Examined,CSEM 100-G07/ Art and the Body,CSEM 100-G06/ Eye. Spy. The Art of Observation,CSEM 100-G02/ Eataly: Food in Italian Culture,7/13/14 16:47,7/13/14 16:47,10.1.15.2,2917,om88ht
CSEM 100-G08/ Fact or Fiction: Using Science to Tackle Popular Myths,CSEM 100-G06/ Eye. Spy. The Art of Observation,CSEM 100-G09/ Science in Fiction (But NOT Science Fiction),CSEM 100-G12/ Music and Sound Technology,CSEM 100-G10/ The Meaning of Life in Ancient Thought,7/14/14 12:00,7/14/14 12:00,10.1.15.2,2918,gotskp
CSEM 100-G12/ Music and Sound Technology,CSEM 100-G10/ The Meaning of Life in Ancient Thought,CSEM 100-G18/ Community Service,CSEM 100-G19/ Community Service,CSEM 100-G15/ Politics of Popular Culture,7/14/14 21:55,7/14/14 21:55,10.1.15.2,2919,3jge6b
CSEM 100-G10/ The Meaning of Life in Ancient Thought,CSEM 100-G08/ Fact or Fiction: Using Science to Tackle Popular Myths,CSEM 100-G05/ Forensic Anthropology Examined,CSEM 100-G06/ Eye. Spy. The Art of Observation,CSEM 100-G14/ American Inequality,7/15/14 2:03,7/15/14 2:03,10.1.15.2,2921,b1o1hp
CSEM 100-G06/ Eye. Spy. The Art of Observation,CSEM 100-G05/ Forensic Anthropology Examined,CSEM 100-G04/ Why Do We Eat That?,CSEM 100-G03/ Citizenship and Borders,CSEM 100-G18/ Community Service,7/15/14 14:02,7/15/14 14:02,10.1.15.2,2922,tg69q7
CSEM 100-G08/ Fact or Fiction: Using Science to Tackle Popular Myths,CSEM 100-G04/ Why Do We Eat That?,CSEM 100-G14/ American Inequality,CSEM 100-G03/ Citizenship and Borders,CSEM 100-G02/ Eataly: Food in Italian Culture,7/15/14 15:00,7/15/14 15:00,10.1.15.2,2923,wyunnx
CSEM 100-G12/ Music and Sound Technology,CSEM 100-G15/ Politics of Popular Culture,CSEM 100-G08/ Fact or Fiction: Using Science to Tackle Popular Myths,CSEM 100-G04/ Why Do We Eat That?,CSEM 100-G11/ Mathematics: The Language of the Universe,7/15/14 15:12,7/15/14 15:12,10.1.15.2,2924,uet43p